unit	sex	age	geo	Y2007	Y2008	Y2009	Y2010	Y2011	Y2012	Y2013	Y2014	Y2015	Y2016	Y2017	Y2018
PC	F	Y15-64	AT_11	64.0	64.2	64.7	64.8	64.5	64.8	64.9	64.7	64.9	65.9	66.4	66.6
PC	F	Y15-64	AT_12	65.3	66.6	66.7	66.9	67.4	68.1	67.6	68.4	69.2	69.2	70.5	70.3
PC	F	Y15-64	AT_13	59.7	61.1	61.8	62.0	62.4	62.5	63.0	62.1	62.0	62.6	62.4	63.0
PC	F	Y15-64	AT_21	60.2	61.6	62.2	62.9	63.1	64.1	64.8	65.3	64.7	65.1	66.3	67.0
PC	F	Y15-64	AT_22	63.2	64.8	64.9	65.9	66.3	65.6	66.1	66.3	66.6	67.3	68.7	69.0
PC	F	Y15-64	AT_31	65.9	67.5	67.2	68.3	68.8	70.0	69.4	70.1	70.1	70.8	71.1	71.0
PC	F	Y15-64	AT_32	66.6	67.1	68.2	67.8	68.8	70.2	70.9	69.4	70.0	71.6	71.5	72.9
PC	F	Y15-64	AT_33	64.8	66.1	67.1	67.4	67.3	68.6	69.7	69.9	69.5	69.8	69.8	71.4
PC	F	Y15-64	AT_34	63.0	64.1	65.2	65.4	65.6	67.3	68.2	69.4	69.6	71.2	70.4	71.1
PC	F	Y15-64	BE_10	48.3	48.4	49.3	48.7	48.6	48.6	48.5	49.8	49.2	50.3	50.5	52.4
PC	F	Y15-64	BE_21	57.8	58.6	57.4	59.4	57.9	57.8	58.8	59.2	61.0	58.9	60.0	63.2
PC	F	Y15-64	BE_22	55.6	57.4	58.7	58.8	59.6	59.0	59.2	60.3	59.8	59.8	62.5	64.8
PC	F	Y15-64	BE_23	60.6	63.2	62.7	62.9	63.5	62.5	63.9	64.0	64.8	64.5	63.6	67.1
PC	F	Y15-64	BE_24	63.1	63.3	63.3	63.2	63.4	64.2	63.7	65.0	64.1	64.8	64.6	67.4
PC	F	Y15-64	BE_25	61.8	61.3	61.2	62.4	63.4	62.6	63.3	63.9	64.9	65.5	66.7	67.9
PC	F	Y15-64	BE_31	56.4	57.3	56.1	57.8	57.1	58.1	59.3	59.0	59.1	58.7	62.6	62.8
PC	F	Y15-64	BE_32	45.8	47.8	46.6	46.9	47.7	48.5	49.0	49.3	49.5	50.4	49.5	50.2
PC	F	Y15-64	BE_33	49.6	49.9	50.2	50.1	51.0	51.5	51.6	51.8	51.8	51.7	51.8	53.5
PC	F	Y15-64	BE_34	53.3	54.0	54.3	56.7	55.8	58.0	58.5	57.1	56.1	57.5	59.7	59.7
PC	F	Y15-64	BE_35	53.1	51.5	53.1	52.7	53.8	54.8	52.8	58.1	53.7	55.4	58.4	58.1
PC	F	Y15-64	BG_31	53.4	56.4	55.1	52.9	51.5	51.4	53.1	54.7	54.6	51.6	54.8	56.4
PC	F	Y15-64	BG_32	52.6	54.0	52.7	51.4	52.0	53.1	52.3	53.8	56.9	58.7	60.4	60.7
PC	F	Y15-64	BG_33	52.7	54.9	53.8	52.0	51.0	51.4	52.7	55.6	57.5	57.3	59.9	58.5
PC	F	Y15-64	BG_34	55.1	56.2	54.9	53.6	54.3	55.3	53.4	52.9	55.8	57.3	60.4	61.8
PC	F	Y15-64	BG_41	65.4	67.6	67.2	63.9	63.0	62.4	62.8	64.6	66.7	66.7	69.6	71.5
PC	F	Y15-64	BG_42	56.6	58.4	56.4	53.9	52.8	55.3	57.5	58.1	57.9	58.4	62.6	62.5
PC	F	Y15-64	CH_01	68.3	69.6	69.9	65.4	66.7	67.7	67.1	67.3	68.3	68.9	69.1	69.6
PC	F	Y15-64	CH_02	71.4	74.7	74.8	73.0	73.9	74.7	75.0	76.1	77.1	77.3	77.2	77.9
PC	F	Y15-64	CH_03	72.7	73.8	73.4	72.2	73.9	73.7	73.7	74.0	74.8	75.3	75.6	75.7
PC	F	Y15-64	CH_04	74.5	76.4	75.2	74.1	75.0	75.4	75.7	77.7	77.5	78.0	76.9	77.7
PC	F	Y15-64	CH_05	73.0	75.9	75.9	73.2	73.9	74.8	75.1	76.4	77.0	77.9	77.9	78.2
PC	F	Y15-64	CH_06	74.4	75.3	76.5	73.5	76.4	76.7	78.1	78.4	78.4	80.4	79.0	79.5
PC	F	Y15-64	CH_07	60.5	61.0	62.6	63.1	62.8	60.9	61.3	60.7	63.0	65.5	67.2	66.0
PC	F	Y15-64	CY_00	62.4	62.9	62.3	63.0	62.1	59.4	56.9	58.6	59.0	59.3	61.4	64.2
PC	F	Y15-64	CZ_01	64.7	64.0	64.2	62.8	63.1	64.4	65.7	67.3	66.1	68.6	70.5	72.1
PC	F	Y15-64	CZ_02	58.8	59.4	58.4	57.9	59.0	61.6	61.8	62.0	63.9	65.0	67.1	69.5
PC	F	Y15-64	CZ_03	59.6	60.4	58.2	57.9	59.1	59.2	60.4	61.3	63.4	64.9	66.5	67.2
PC	F	Y15-64	CZ_04	52.2	52.6	51.3	52.0	53.9	52.5	55.1	56.5	58.4	62.4	64.0	64.5
PC	F	Y15-64	CZ_05	57.1	57.2	55.3	55.3	56.8	57.6	58.7	60.2	62.5	64.9	65.3	67.0
PC	F	Y15-64	CZ_06	57.0	56.5	56.1	57.2	56.1	57.1	60.0	60.9	63.3	64.3	66.0	66.8
PC	F	Y15-64	CZ_07	56.5	56.7	55.7	53.5	55.9	57.3	57.7	58.8	61.1	62.6	65.0	67.0
PC	F	Y15-64	CZ_08	52.4	54.1	54.3	53.0	54.1	56.0	56.8	57.9	59.1	62.1	64.4	66.6
PC	F	Y15-64	DE_11	66.5	67.5	67.7	67.7	69.6	69.9	70.9	72.3	72.6	73.3	73.5	74.2
PC	F	Y15-64	DE_12	65.8	66.7	66.2	66.5	68.1	68.9	70.5	69.9	70.4	72.2	71.3	72.7
PC	F	Y15-64	DE_13	69.5	69.4	70.8	71.1	73.1	73.2	74.1	74.2	73.7	74.6	75.2	75.8
PC	F	Y15-64	DE_14	66.5	67.1	67.9	69.7	71.6	71.2	72.7	72.3	73.5	74.7	74.7	74.7
PC	F	Y15-64	DE_21	67.9	69.1	69.8	70.2	71.9	72.5	73.6	74.1	74.4	75.3	75.8	76.5
PC	F	Y15-64	DE_22	66.8	66.3	66.9	69.1	69.8	70.8	71.4	72.3	72.2	73.5	74.0	73.6
PC	F	Y15-64	DE_23	65.3	67.7	66.7	66.7	68.7	68.5	70.4	73.1	72.4	71.8	73.8	73.5
PC	F	Y15-64	DE_24	63.9	66.1	65.3	65.7	69.7	70.7	72.2	73.0	72.4	74.1	75.1	75.2
PC	F	Y15-64	DE_25	65.5	67.9	67.3	68.8	71.3	71.7	71.8	72.7	72.5	72.9	72.7	73.6
PC	F	Y15-64	DE_26	63.9	65.6	65.4	67.6	69.8	68.8	70.5	70.5	72.1	72.9	72.2	73.3
PC	F	Y15-64	DE_27	64.8	66.7	67.4	69.6	70.1	71.0	70.8	71.9	72.4	73.1	73.3	73.3
PC	F	Y15-64	DE_30	60.0	60.3	63.0	64.0	65.1	65.6	66.0	66.8	66.5	68.9	69.7	71.2
PC	F	Y15-64	DE_40	66.3	67.9	69.4	71.1	72.7	71.8	72.9	72.6	73.0	75.3	76.1	76.4
PC	F	Y15-64	DE_50	59.7	60.1	61.8	63.7	64.0	63.8	64.0	65.2	65.0	67.3	68.7	67.9
PC	F	Y15-64	DE_60	64.3	65.6	67.1	67.7	69.6	69.8	70.9	71.1	72.3	72.4	72.8	73.1
PC	F	Y15-64	DE_71	63.3	64.8	65.5	66.5	67.8	68.4	69.1	68.0	69.1	69.2	70.7	71.1
PC	F	Y15-64	DE_72	62.5	63.9	64.4	63.7	65.6	65.1	67.6	68.3	67.4	68.8	69.4	67.9
PC	F	Y15-64	DE_73	62.4	62.8	64.9	64.7	68.4	68.4	69.6	68.9	69.9	71.1	71.0	72.5
PC	F	Y15-64	DE_80	62.5	65.5	67.2	68.8	68.7	68.0	68.3	69.4	69.9	71.2	72.1	71.8
PC	F	Y15-64	DE_91	60.0	59.9	61.2	63.4	65.7	65.7	65.7	65.9	67.6	66.5	68.7	69.7
PC	F	Y15-64	DE_92	62.6	63.5	63.5	64.9	66.3	67.7	68.6	68.7	68.6	68.6	69.0	70.5
PC	F	Y15-64	DE_93	62.0	63.6	66.2	66.9	68.8	68.2	69.8	71.6	72.2	71.5	72.7	73.7
PC	F	Y15-64	DE_94	60.8	61.8	62.7	65.2	66.5	67.7	69.4	69.0	68.6	69.7	70.9	71.7
PC	F	Y15-64	DE_A1	60.3	60.5	61.3	61.6	63.8	63.5	63.8	64.4	64.6	65.7	67.1	67.1
PC	F	Y15-64	DE_A2	60.1	60.6	61.4	61.9	63.6	64.2	64.7	65.6	66.7	68.6	68.7	68.6
PC	F	Y15-64	DE_A3	60.0	61.1	61.7	62.7	64.2	64.5	64.3	65.6	67.0	67.1	67.5	69.6
PC	F	Y15-64	DE_A4	62.0	62.5	62.3	63.4	64.4	66.4	67.3	66.9	68.5	69.3	70.0	70.4
PC	F	Y15-64	DE_A5	57.0	58.5	59.3	59.9	62.6	62.4	63.9	65.0	65.3	65.3	66.5	68.0
PC	F	Y15-64	DE_B1	65.1	63.9	64.6	66.1	67.2	67.7	68.5	68.4	69.3	71.5	71.0	72.2
PC	F	Y15-64	DE_B2	65.3	69.6	68.4	71.7	68.8	69.9	69.8	71.9	72.1	73.5	75.2	75.2
PC	F	Y15-64	DE_B3	63.9	64.0	64.7	65.5	66.5	67.2	68.3	69.0	68.6	69.3	69.2	69.5
PC	F	Y15-64	DE_C0	59.1	60.4	60.0	61.3	62.3	62.4	64.0	64.3	66.4	68.5	68.7	69.9
PC	F	Y15-64	DE_D2	65.6	67.5	69.1	70.6	72.1	71.3	72.5	72.8	74.8	75.5	75.9	75.4
PC	F	Y15-64	DE_D4	64.0	66.2	67.0	69.2	70.8	70.6	71.8	73.0	72.5	73.0	74.7	76.1
PC	F	Y15-64	DE_D5	62.6	66.7	66.2	67.3	69.0	70.6	71.1	71.0	71.8	74.0	75.7	75.9
PC	F	Y15-64	DE_E0	63.0	64.6	67.2	68.8	70.2	69.9	70.5	71.1	71.9	71.5	72.8	72.8
PC	F	Y15-64	DE_F0	63.6	64.9	65.2	67.1	68.5	69.0	69.3	70.2	70.5	70.6	72.2	72.1
PC	F	Y15-64	DE_G0	63.5	65.7	68.6	70.6	71.6	71.3	72.5	72.9	72.0	73.6	74.1	74.9
PC	F	Y15-64	DK_01	75.1	76.9	74.8	73.5	72.0	71.7	72.3	71.7	72.5	74.8	74.2	75.1
PC	F	Y15-64	DK_02	73.2	72.0	72.1	70.5	70.2	69.8	69.8	69.3	69.9	69.6	70.1	70.3
PC	F	Y15-64	DK_03	71.7	71.9	70.7	68.8	68.5	68.6	67.2	67.6	68.9	70.6	70.1	71.3
PC	F	Y15-64	DK_04	73.5	74.4	73.1	70.9	70.6	70.0	70.4	69.3	69.5	72.2	70.5	72.6
PC	F	Y15-64	DK_05	69.7	72.4	70.6	69.4	69.0	67.9	67.9	70.0	68.9	68.3	69.4	70.6
PC	F	Y15-64	EE_00	66.2	66.6	63.2	60.8	63.0	64.7	65.7	66.3	68.5	68.6	70.9	71.4
PC	F	Y15-64	EL_30	49.9	51.9	52.2	50.5	47.4	44.1	42.0	43.1	44.2	45.4	46.2	45.9
PC	F	Y15-64	EL_41	40.4	37.5	39.0	41.1	40.8	39.7	38.1	36.1	37.0	41.0	46.4	47.8
PC	F	Y15-64	EL_42	39.9	44.0	46.0	42.7	45.2	42.4	41.3	47.0	47.7	45.4	47.4	49.1
PC	F	Y15-64	EL_43	53.1	51.1	52.5	52.1	49.6	45.0	43.9	44.7	42.9	45.6	48.5	51.2
PC	F	Y15-64	EL_51	48.2	47.4	47.5	47.0	42.3	41.4	38.9	41.6	42.6	43.4	43.6	46.8
PC	F	Y15-64	EL_52	45.7	45.7	45.2	44.5	41.4	38.7	36.3	37.6	41.0	42.9	42.2	43.2
PC	F	Y15-64	EL_53	41.8	43.2	46.2	44.3	40.4	34.6	33.4	36.0	34.6	34.9	37.1	39.6
PC	F	Y15-64	EL_54	46.3	46.3	46.5	47.4	43.6	42.1	40.6	41.2	40.4	40.9	41.9	45.5
PC	F	Y15-64	EL_61	46.9	48.8	49.0	47.9	43.7	40.8	39.0	39.2	40.3	41.1	44.1	45.1
PC	F	Y15-64	EL_62	45.7	52.7	52.0	49.8	49.7	48.4	44.2	42.6	47.1	50.1	47.4	50.8
PC	F	Y15-64	EL_63	42.5	42.0	43.4	43.6	40.3	37.1	35.2	36.1	38.5	36.0	37.6	38.7
PC	F	Y15-64	EL_64	44.7	44.1	42.8	45.5	42.0	35.4	37.1	38.2	39.8	37.7	41.9	41.8
PC	F	Y15-64	EL_65	53.0	53.2	52.6	52.5	50.0	44.7	44.0	44.3	45.7	45.9	47.9	48.4
PC	F	Y15-64	ES_11	55.5	56.7	56.3	54.3	54.8	54.1	52.9	53.3	54.4	56.2	57.6	59.5
PC	F	Y15-64	ES_12	50.9	54.4	52.5	51.5	51.8	49.5	48.8	51.2	53.2	55.5	56.2	56.2
PC	F	Y15-64	ES_13	55.8	56.5	55.2	52.9	54.2	53.7	51.5	53.4	53.7	57.0	58.7	57.6
PC	F	Y15-64	ES_21	58.2	59.4	57.8	59.0	60.5	58.1	57.4	58.1	59.2	60.9	60.9	63.6
PC	F	Y15-64	ES_22	60.6	61.1	58.9	59.8	60.4	58.6	55.8	58.8	58.9	59.4	60.7	63.0
PC	F	Y15-64	ES_23	56.4	58.2	57.4	55.5	56.7	53.0	55.4	56.5	57.9	59.2	60.1	63.4
PC	F	Y15-64	ES_24	61.4	61.3	58.8	56.1	56.2	56.2	54.1	54.6	56.0	58.7	60.0	62.3
PC	F	Y15-64	ES_30	63.0	62.8	61.3	61.0	60.3	60.4	58.7	59.0	61.3	61.8	63.0	63.5
PC	F	Y15-64	ES_41	53.1	53.1	52.0	52.7	53.2	51.2	51.2	52.1	52.9	55.8	57.0	58.4
PC	F	Y15-64	ES_42	49.6	49.7	47.2	46.0	47.0	43.7	43.4	43.6	44.9	46.7	48.6	49.8
PC	F	Y15-64	ES_43	44.4	43.2	42.7	43.0	42.7	39.0	41.1	41.6	41.2	42.4	43.5	44.8
PC	F	Y15-64	ES_51	62.3	63.0	59.2	59.0	58.9	56.7	56.5	58.8	59.0	61.4	62.8	63.8
PC	F	Y15-64	ES_52	55.1	55.4	52.1	50.9	50.5	48.6	48.0	49.4	52.2	53.8	55.0	56.2
PC	F	Y15-64	ES_53	60.1	60.2	58.3	57.8	56.4	56.0	56.8	58.5	61.5	62.9	62.4	64.2
PC	F	Y15-64	ES_61	45.4	45.0	43.5	43.3	42.2	41.4	40.0	40.5	42.6	43.4	45.2	46.0
PC	F	Y15-64	ES_62	52.4	53.3	50.8	49.8	48.3	47.9	45.9	46.8	45.4	48.7	50.6	50.9
PC	F	Y15-64	ES_63	31.2	35.0	37.1	34.2	33.0	31.0	33.4	34.6	34.5	38.1	39.7	40.0
PC	F	Y15-64	ES_64	36.2	32.0	33.7	34.9	38.7	34.6	37.4	35.5	32.5	32.5	34.2	41.2
PC	F	Y15-64	ES_70	52.4	48.8	46.4	46.5	47.4	45.3	45.4	45.1	47.0	48.7	50.2	52.9
PC	F	Y15-64	FI_19	66.9	67.8	66.9	65.6	66.0	66.9	67.0	68.0	66.6	66.6	67.4	69.9
PC	F	Y15-64	FI_1B	74.7	74.5	73.4	71.9	72.2	72.3	72.0	71.8	72.0	71.4	70.9	73.0
PC	F	Y15-64	FI_1C	68.1	67.8	66.7	65.7	66.3	68.4	65.9	65.3	65.9	66.1	67.7	70.2
PC	F	Y15-64	FI_1D	62.4	63.9	62.7	62.7	63.5	63.5	64.5	64.8	64.3	64.5	66.9	68.1
PC	F	Y15-64	FI_Y20	76.4	78.6	75.4	75.7	76.7	80.5	79.5	78.9	79.5	80.1	80.4	78.4
PC	F	Y15-64	FR_10	62.9	64.4	63.0	61.3	62.0	62.6	63.2	63.3	63.5	63.3	63.7	64.7
PC	F	Y15-64	FR_B0	62.7	61.4	63.9	65.2	61.2	60.8	61.4	61.7	60.4	60.5	62.8	63.5
PC	F	Y15-64	FR_C1	59.8	61.6	61.5	60.7	60.8	61.5	59.2	60.9	62.3	61.2	61.7	65.3
PC	F	Y15-64	FR_C2	58.2	58.9	60.6	61.0	62.4	59.9	60.5	61.2	62.0	66.6	64.2	62.9
PC	F	Y15-64	FR_D1	59.5	63.7	63.5	59.6	58.8	60.9	62.3	62.5	62.6	62.7	61.8	64.8
PC	F	Y15-64	FR_D2	57.3	55.9	56.3	55.3	58.4	58.4	57.8	56.8	58.0	57.1	59.1	61.6
PC	F	Y15-64	FR_E1	51.7	51.3	50.8	51.4	52.3	52.9	52.4	53.1	52.4	53.8	54.1	53.7
PC	F	Y15-64	FR_E2	58.0	60.5	58.5	57.0	58.8	57.1	55.0	56.0	56.0	57.5	60.8	61.0
PC	F	Y15-64	FR_F1	62.3	62.9	61.3	61.5	60.8	62.4	62.0	59.4	62.5	62.5	60.6	63.5
PC	F	Y15-64	FR_F2	60.0	59.0	58.1	60.3	56.8	56.5	55.5	57.8	56.4	56.4	57.7	57.4
PC	F	Y15-64	FR_F3	59.7	56.9	57.7	59.0	57.8	58.0	56.3	56.9	57.9	58.4	60.4	58.5
PC	F	Y15-64	FR_G0	62.6	61.6	61.5	62.8	60.7	62.9	63.1	64.1	64.9	65.2	66.4	64.2
PC	F	Y15-64	FR_H0	61.7	62.4	63.3	61.4	62.5	62.5	63.8	64.7	65.6	63.7	63.3	63.9
PC	F	Y15-64	FR_I1	60.5	60.7	60.6	60.3	60.5	60.5	62.6	62.7	63.7	62.5	63.0	64.4
PC	F	Y15-64	FR_I2	61.7	64.5	63.1	62.8	63.3	63.4	64.6	64.7	67.1	68.4	68.0	64.8
PC	F	Y15-64	FR_I3	60.9	62.5	62.0	62.5	61.6	62.6	61.9	61.1	63.2	62.0	60.2	62.3
PC	F	Y15-64	FR_J1	54.6	53.9	52.0	52.8	53.7	51.6	52.9	54.8	55.9	56.6	55.7	56.4
PC	F	Y15-64	FR_J2	61.1	62.5	61.7	65.6	63.5	62.3	63.7	62.3	62.9	63.0	63.0	64.5
PC	F	Y15-64	FR_K1	58.1	61.7	62.2	60.0	60.6	60.4	61.3	61.6	61.6	64.2	60.9	64.0
PC	F	Y15-64	FR_K2	60.0	60.7	60.4	61.2	60.5	61.9	62.3	62.4	62.9	64.4	64.6	65.3
PC	F	Y15-64	FR_L0	55.0	56.6	56.8	56.1	56.7	57.3	57.4	60.4	58.1	58.0	58.6	60.0
PC	F	Y15-64	FR_M0	46.2	48.7	46.5	54.9	56.3	53.1	55.6	52.9	53.2	65.9	61.4	59.8
PC	F	Y15-64	FR_Y1	45.3	45.0	44.7	45.4	45.2	45.6	44.6	44.6	44.6	44.9	46.3	45.1
PC	F	Y15-64	FR_Y2	47.1	45.5	46.8	47.0	48.5	48.7	51.7	51.0	52.5	52.9	51.6	53.8
PC	F	Y15-64	FR_Y3	36.0	34.6	38.7	38.2	37.2	39.4	38.6	38.0	38.2	38.8	36.7	37.8
PC	F	Y15-64	FR_Y4	38.1	39.3	38.7	38.7	37.9	38.4	39.8	41.7	42.7	43.3	43.2	41.8
PC	F	Y15-64	FR_Y5							24.2	24.0	27.0	27.3	28.2	25.4
PC	F	Y15-64	HR_03	50.5	50.7	51.4	51.3	48.4	48.0	47.7	50.8	52.2	51.4	53.9	55.3
PC	F	Y15-64	HR_04	52.1	53.7	54.8	52.5	50.1	48.7	48.9	49.6	51.3	52.9	54.1	56.2
PC	F	Y15-64	HU_10	56.8	56.5	55.9	55.1	54.8	57.1						
PC	F	Y15-64	HU_11							59.1	61.6	62.6	67.1	67.5	67.1
PC	F	Y15-64	HU_12							54.7	58.1	59.9	60.5	61.0	62.4
PC	F	Y15-64	HU_21	54.0	53.3	51.1	51.3	53.4	53.5	53.7	57.2	61.1	61.0	63.1	63.7
PC	F	Y15-64	HU_22	55.0	54.1	53.4	53.6	54.2	56.7	55.9	58.4	60.8	62.0	63.1	64.7
PC	F	Y15-64	HU_23	44.7	46.0	46.4	48.9	46.7	47.2	50.5	53.7	54.9	57.3	57.3	58.6
PC	F	Y15-64	HU_31	44.7	43.4	43.0	44.7	44.4	45.1	46.7	50.3	52.6	55.0	56.6	59.7
PC	F	Y15-64	HU_32	44.1	44.1	43.0	43.6	44.8	46.5	47.2	51.5	52.9	56.2	57.6	58.4
PC	F	Y15-64	HU_33	48.4	47.7	47.1	49.1	48.9	50.4	51.3	54.5	56.2	59.5	60.9	61.9
PC	F	Y15-64	IE_01	60.3	59.8	56.4	54.5	53.8							
PC	F	Y15-64	IE_02	63.8	63.0	60.0	58.0	57.2							
PC	F	Y15-64	IE_04						54.9	56.3	57.3	58.6	60.6	62.0	62.9
PC	F	Y15-64	IE_05						55.6	57.0	57.3	58.7	60.7	61.6	61.1
PC	F	Y15-64	IE_06						57.1	57.5	58.7	60.0	61.6	63.0	64.7
PC	F	Y15-64	IS_00	80.8	79.6	76.5	76.2	76.6	77.8	79.0	80.5	82.3	83.6	83.5	82.5
PC	F	Y15-64	IT_C1	56.4	57.1	55.7	55.8	57.1	56.9	55.6	55.9	56.9	58.2	58.8	58.9
PC	F	Y15-64	IT_C2	59.7	59.9	59.0	60.3	60.8	61.5	60.6	60.8	61.4	61.8	62.7	64.1
PC	F	Y15-64	IT_C3	54.8	54.7	54.7	54.8	55.2	54.1	53.6	54.0	56.2	54.3	54.3	55.4
PC	F	Y15-64	IT_C4	56.6	57.2	56.2	55.8	55.3	56.3	57.4	57.5	57.2	58.1	59.3	59.6
PC	F	Y15-64	IT_F1	44.4	46.5	43.3	43.9	45.3	45.0	44.5	43.4	43.0	44.6	45.1	45.6
PC	F	Y15-64	IT_F2	40.5	41.5	40.5	39.1	39.0	39.1	38.6	38.9	39.5	42.0	42.8	42.0
PC	F	Y15-64	IT_F3	27.9	27.3	26.3	25.6	25.4	27.5	28.3	27.5	27.4	28.7	29.4	29.4
PC	F	Y15-64	IT_F4	29.9	30.1	29.3	29.4	30.2	31.1	29.6	29.5	30.5	31.4	31.7	32.8
PC	F	Y15-64	IT_F5	34.1	35.0	35.6	35.2	34.9	35.7	36.1	35.3	36.5	39.0	37.3	36.9
PC	F	Y15-64	IT_F6	31.0	30.7	30.1	30.1	31.3	31.1	28.7	28.9	28.6	29.2	30.2	31.0
PC	F	Y15-64	IT_G1	29.1	29.3	29.3	28.8	28.8	28.6	27.1	27.4	28.1	28.3	29.2	29.1
PC	F	Y15-64	IT_G2	39.0	40.3	40.2	41.9	42.3	43.0	39.7	40.3	42.5	42.3	42.1	45.0
PC	F	Y15-64	IT_H1	59.7	61.7	62.1	63.0	63.1	64.8	64.5	64.3	64.3	66.4	65.9	67.9
PC	F	Y15-64	IT_H2	56.2	57.7	58.0	57.3	57.7	58.1	57.6	58.4	59.8	59.1	62.1	61.7
PC	F	Y15-64	IT_H3	54.0	55.7	53.9	53.5	54.9	55.0	53.3	54.5	54.0	55.2	57.1	58.2
PC	F	Y15-64	IT_H4	55.7	55.5	54.3	55.7	56.8	56.2	55.3	55.3	55.0	57.0	58.4	59.5
PC	F	Y15-64	IT_H5	62.0	62.3	61.5	60.0	60.9	61.4	59.7	59.1	59.7	62.2	62.1	62.7
PC	F	Y15-64	IT_I1	55.5	56.2	55.5	54.4	54.6	55.3	56.3	56.9	58.5	58.4	59.9	60.5
PC	F	Y15-64	IT_I2	55.6	56.7	53.3	53.0	53.4	53.3	53.7	53.6	55.3	55.2	55.1	54.9
PC	F	Y15-64	IT_I3	55.0	56.0	55.4	55.2	54.5	54.8	53.6	55.0	54.1	54.4	54.3	56.4
PC	F	Y15-64	IT_I4	48.1	49.3	48.8	49.1	49.2	50.0	49.4	51.2	51.0	51.8	52.9	53.1
PC	F	Y15-64	LT_00	62.0	61.8	60.4	58.5	60.2	61.8						
PC	F	Y15-64	LT_01							68.7	70.8	71.0	74.3	77.1	78.5
PC	F	Y15-64	LT_02							60.5	62.6	64.6	66.6	67.2	68.6
PC	F	Y15-64	LU_00	56.1	55.1	57.0	57.2	56.9	59.0	59.1	60.5	60.8	60.4	62.5	63.4
PC	F	Y15-64	LV_00	63.9	65.2	60.4	59.0	60.2	61.7	63.4	64.3	66.4	67.6	68.4	70.1
PC	F	Y15-64	ME_00					40.2	41.9	42.5	45.3	46.9	46.8	46.8	48.4
PC	F	Y15-64	MK_00	32.3	32.9	33.5	34.0	35.3	35.3	37.3	37.4	38.8	39.2	40.3	41.7
PC	F	Y15-64	MT_00	36.0	37.7	38.0	39.5	41.5	45.3	48.8	51.6	52.5	55.0	57.6	60.8
PC	F	Y15-64	NL_11	62.8	63.0	64.4	67.1	65.5	65.8	66.5	65.2	66.0	65.9	65.6	69.0
PC	F	Y15-64	NL_12	64.7	68.5	68.6	66.1	66.9	69.1	68.0	68.3	69.2	70.8	71.3	72.0
PC	F	Y15-64	NL_13	65.1	66.5	68.8	66.8	66.8	67.7	68.3	67.5	69.2	68.4	70.1	71.6
PC	F	Y15-64	NL_21	68.5	70.0	69.4	69.1	69.8	69.8	69.3	69.3	71.0	70.5	72.6	73.1
PC	F	Y15-64	NL_22	67.9	68.4	69.1	69.1	69.7	69.5	71.1	69.9	69.6	69.7	72.2	73.0
PC	F	Y15-64	NL_23	64.5	68.8	68.5	67.9	69.3	68.9	66.9	65.3	65.7	68.8	69.7	72.8
PC	F	Y15-64	NL_31	69.5	71.0	72.1	72.4	72.7	73.8	73.6	71.9	72.3	73.4	74.0	75.0
PC	F	Y15-64	NL_32	67.8	69.3	70.5	70.0	70.5	71.1	70.5	69.6	71.6	72.7	73.7	74.8
PC	F	Y15-64	NL_33	65.2	66.6	66.3	66.5	67.5	67.3	66.8	65.7	66.4	67.6	68.5	70.9
PC	F	Y15-64	NL_34	64.2	65.8	65.5	66.7	67.2	68.9	66.5	69.8	71.4	70.1	69.7	72.9
PC	F	Y15-64	NL_41	67.1	69.6	69.0	69.4	69.9	70.3	69.5	68.8	70.0	71.5	73.3	74.2
PC	F	Y15-64	NL_42	63.0	65.3	66.0	63.6	65.1	67.5	65.2	64.0	66.7	67.5	68.3	70.2
PC	F	Y15-64	NO_01	76.6	78.5	76.2	74.8	75.4	75.0	74.2	75.2	75.3	74.9	74.4	74.1
PC	F	Y15-64	NO_02	71.4	70.9	73.1	72.2	70.0	72.3	72.0	72.0	71.3	72.7	72.5	71.3
PC	F	Y15-64	NO_03	70.8	73.7	72.8	71.5	70.8	72.6	71.6	69.9	69.8	69.1	68.4	68.9
PC	F	Y15-64	NO_04	74.7	75.0	75.0	73.6	73.3	74.2	75.7	75.2	72.7	71.6	71.0	72.0
PC	F	Y15-64	NO_05	75.5	76.9	75.4	73.5	75.3	75.9	74.6	74.1	73.9	73.8	74.5	75.4
PC	F	Y15-64	NO_06	74.9	73.9	73.0	73.3	71.5	71.4	74.1	74.5	74.2	73.4	73.3	72.9
PC	F	Y15-64	NO_07	71.5	73.6	72.8	72.9	74.5	71.6	70.6	71.3	71.7	74.5	72.1	73.0
PC	F	Y15-64	PL_21	51.6	54.7	53.8	52.9	53.5	52.6	52.4	54.7	55.8	57.9	59.9	60.6
PC	F	Y15-64	PL_22	46.9	49.9	50.8	49.9	50.0	50.9	51.7	53.2	53.6	57.4	58.7	59.2
PC	F	Y15-64	PL_41	49.3	51.2	51.3	51.8	51.4	51.8	52.7	54.8	57.2	58.4	60.7	62.4
PC	F	Y15-64	PL_42	45.9	47.9	48.4	47.9	46.9	49.1	50.5	52.4	53.3	54.0	57.1	58.8
PC	F	Y15-64	PL_43	49.0	49.1	49.7	50.9	51.5	51.2	51.3	53.3	56.0	57.7	58.3	59.3
PC	F	Y15-64	PL_51	47.5	49.4	51.5	51.7	52.2	51.7	52.0	54.8	56.4	58.5	59.4	62.0
PC	F	Y15-64	PL_52	46.8	48.5	50.2	49.9	50.1	50.9	50.9	53.2	55.4	55.5	57.1	60.3
PC	F	Y15-64	PL_61	46.3	46.5	48.9	49.0	49.1	50.8	50.1	51.4	53.2	54.8	55.5	57.1
PC	F	Y15-64	PL_62	47.8	48.4	49.1	48.9	46.5	46.8	48.6	49.5	50.3	51.2	52.8	54.5
PC	F	Y15-64	PL_63	49.1	51.5	50.2	51.5	51.1	52.0	51.9	53.2	56.4	57.8	60.1	60.4
PC	F	Y15-64	PL_71	54.3	55.6	53.9	54.7	55.7	55.0	55.6	58.5	59.3	61.0	62.7	63.7
PC	F	Y15-64	PL_72	52.5	54.6	54.3	53.4	51.8	52.7	52.0	53.8	55.7	55.7	57.2	57.2
PC	F	Y15-64	PL_81	55.2	54.0	53.4	53.9	54.6	55.3	55.1	55.7	56.6	56.5	57.0	58.8
PC	F	Y15-64	PL_82	50.9	51.5	52.1	52.1	51.0	51.6	50.9	49.9	50.8	54.3	55.9	56.1
PC	F	Y15-64	PL_84	53.1	55.7	55.6	54.5	55.0	55.5	55.9	56.8	58.7	58.6	59.7	60.7
PC	F	Y15-64	PL_91							65.5	67.6	69.8	70.5	71.3	75.1
PC	F	Y15-64	PL_92							53.5	56.1	56.7	57.0	57.0	56.8
PC	F	Y15-64	PT_11	58.7	59.8	58.0	56.7	57.5	56.0	54.8	56.1	57.5	58.5	62.1	65.0
PC	F	Y15-64	PT_15	63.2	62.7	62.7	61.1	62.1	60.6	60.9	63.1	64.4	67.9	72.0	71.2
PC	F	Y15-64	PT_16	65.6	65.9	65.8	66.7	61.4	60.8	62.0	62.2	63.8	64.3	65.5	67.2
PC	F	Y15-64	PT_17	64.3	65.2	63.7	62.8	62.8	60.8	59.4	62.7	64.3	66.6	67.7	69.5
PC	F	Y15-64	PT_18	60.1	59.0	60.1	60.3	59.9	57.4	57.6	60.5	60.8	60.8	64.1	66.7
PC	F	Y15-64	PT_Y20	50.1	51.9	53.6	52.8	53.6	50.6	51.8	52.1	55.9	57.4	59.1	58.2
PC	F	Y15-64	PT_30	60.0	60.8	62.2	62.8	59.8	56.7	55.0	56.9	57.9	59.3	60.7	63.7
PC	F	Y15-64	RO_11	52.8	52.1	50.4	53.5	54.3	56.0	56.1	56.7	55.4	55.8	58.3	58.9
PC	F	Y15-64	RO_12	48.4	49.3	48.3	45.7	45.9	45.5	46.1	46.5	47.6	49.6	51.9	48.7
PC	F	Y15-64	RO_21	59.1	57.1	56.6	58.5	59.8	61.1	61.0	62.1	63.6	62.1	63.1	64.4
PC	F	Y15-64	RO_22	45.6	45.6	45.6	46.2	45.9	45.9	44.6	43.1	46.2	45.8	46.9	48.2
PC	F	Y15-64	RO_31	52.9	52.3	51.3	51.6	48.1	50.1	51.2	52.2	51.0	50.4	54.4	54.8
PC	F	Y15-64	RO_32	55.9	56.2	57.2	57.9	58.1	57.6	56.9	57.8	59.9	62.3	64.5	65.3
PC	F	Y15-64	RO_41	53.1	53.9	53.8	54.1	55.0	55.5	52.6	55.3	49.0	47.9	52.5	54.3
PC	F	Y15-64	RO_42	52.5	52.7	52.1	50.6	49.4	47.9	48.6	49.2	47.7	47.2	50.4	50.2
PC	F	Y15-64	RS_11							45.1	48.3	48.5	53.0	56.8	57.9
PC	F	Y15-64	RS_12							38.5	44.4	44.5	46.6	49.7	51.1
PC	F	Y15-64	RS_21							38.8	43.3	44.9	48.3	49.5	50.9
PC	F	Y15-64	RS_22							38.6	38.4	41.6	45.6	46.8	47.5
PC	F	Y15-64	SE_11	74.1	75.1	74.6	73.5	74.9	75.1	75.6	76.1	76.3	76.9	77.9	79.7
PC	F	Y15-64	SE_12	68.9	69.3	68.1	66.9	68.0	68.8	69.3	70.0	71.0	72.2	72.7	72.1
PC	F	Y15-64	SE_21	75.3	74.0	71.0	69.1	71.7	72.3	73.2	74.9	75.9	74.9	76.8	76.8
PC	F	Y15-64	SE_22	69.8	70.4	69.0	69.4	68.9	68.9	70.1	70.5	72.0	72.8	72.5	72.8
PC	F	Y15-64	SE_23	72.0	72.2	69.5	70.0	72.1	73.3	73.3	74.1	75.4	75.8	76.1	76.8
PC	F	Y15-64	SE_31	70.5	69.5	67.2	67.8	69.4	70.5	71.6	70.5	72.1	74.0	74.6	75.4
PC	F	Y15-64	SE_32	72.4	70.7	70.0	66.7	69.8	71.1	72.6	73.9	72.6	73.9	75.3	74.8
PC	F	Y15-64	SE_33	71.8	69.7	68.1	67.6	72.5	71.8	72.3	73.6	74.0	77.9	77.2	77.5
PC	F	Y15-64	SI_01	61.0	62.4	62.3									
PC	F	Y15-64	SI_02	64.5	66.2	65.5									
PC	F	Y15-64	SI_03				61.2	59.3	59.7	56.8	58.0	58.9	60.3	64.2	66.6
PC	F	Y15-64	SI_04				64.1	62.8	61.5	61.9	62.2	63.4	65.3	67.6	68.6
PC	F	Y15-64	SK_01	65.7	67.7	66.9	64.0	65.6	66.7	65.5	64.7	66.4	70.3	72.5	72.2
PC	F	Y15-64	SK_02	55.8	57.8	54.8	54.0	54.3	54.0	54.4	56.6	57.6	61.0	62.9	63.3
PC	F	Y15-64	SK_03	48.9	51.5	48.8	49.8	50.7	51.8	52.3	52.0	55.6	57.3	58.8	60.3
PC	F	Y15-64	SK_04	47.9	47.9	47.9	47.6	46.8	46.4	48.1	49.3	50.1	51.2	53.6	55.1
PC	F	Y15-64	TR_10	19.8	20.7	19.6	21.5	23.3	26.6	28.1	28.8	30.2	32.1	33.8	35.2
PC	F	Y15-64	TR_21	30.0	31.8	31.3	33.6	32.5	33.6	35.5	36.2	38.7	39.8	39.1	40.4
PC	F	Y15-64	TR_22	34.0	28.8	31.3	32.1	32.4	33.6	33.3	34.0	34.6	34.7	35.8	36.4
PC	F	Y15-64	TR_31	24.0	23.3	24.9	28.5	30.1	30.1	33.4	32.2	32.6	35.3	35.1	36.2
PC	F	Y15-64	TR_32	29.2	30.1	32.7	34.9	38.2	42.3	40.3	40.6	41.2	41.1	41.9	44.2
PC	F	Y15-64	TR_33	23.2	20.2	24.1	28.5	35.9	39.4	39.0	36.7	37.8	36.3	36.8	37.9
PC	F	Y15-64	TR_41	26.5	24.6	24.6	24.8	27.1	27.9	30.7	29.3	30.4	30.4	32.3	34.7
PC	F	Y15-64	TR_42	19.1	22.5	22.8	25.1	30.7	30.7	32.6	32.7	33.5	31.3	32.9	32.5
PC	F	Y15-64	TR_51	20.2	21.0	21.7	23.2	24.5	25.4	26.0	29.0	29.1	30.2	31.3	31.2
PC	F	Y15-64	TR_52	17.6	25.9	29.3	28.7	26.8	26.2	28.3	26.5	29.3	28.1	29.0	30.8
PC	F	Y15-64	TR_61	36.6	35.8	34.4	37.5	39.7	38.9	39.2	38.6	37.1	37.1	36.9	38.2
PC	F	Y15-64	TR_62	20.2	20.4	23.2	27.7	29.3	26.8	26.7	26.7	28.5	28.9	29.8	30.5
PC	F	Y15-64	TR_63	20.1	20.2	19.8	26.3	27.3	26.3	23.2	18.0	17.5	23.6	25.2	26.9
PC	F	Y15-64	TR_71	20.5	14.6	18.8	25.2	24.3	25.6	28.5	28.4	30.7	29.3	28.7	31.2
PC	F	Y15-64	TR_72	14.2	13.5	15.8	19.9	28.2	30.5	28.5	25.1	26.7	27.7	25.2	23.9
PC	F	Y15-64	TR_81	34.6	41.2	43.3	37.6	44.2	45.2	41.0	37.9	35.7	34.2	34.9	33.8
PC	F	Y15-64	TR_82	33.0	37.6	35.2	42.5	47.6	42.7	35.2	42.1	43.7	48.4	47.7	47.7
PC	F	Y15-64	TR_83	36.1	38.8	40.8	34.2	37.3	32.9	34.3	34.4	35.8	36.8	38.1	42.2
PC	F	Y15-64	TR_90	48.8	49.8	50.3	47.5	45.7	45.8	39.1	40.3	42.7	44.9	45.8	44.1
PC	F	Y15-64	TR_A1	22.1	32.8	34.1	35.1	30.4	28.6	31.9	32.8	34.1	33.4	31.8	27.9
PC	F	Y15-64	TR_A2	32.8	34.5	30.5	29.2	32.2	34.9	39.1	40.1	38.8	34.2	32.7	31.8
PC	F	Y15-64	TR_B1	20.2	16.6	20.1	24.5	24.4	30.7	37.9	26.7	27.3	29.0	32.5	33.0
PC	F	Y15-64	TR_B2	15.9	11.7	13.2	15.8	21.4	21.8	20.3	25.1	27.1	22.8	24.4	20.2
PC	F	Y15-64	TR_C1	10.5	15.6	14.1	17.0	13.3	15.3	19.4	17.9	18.4	17.0	20.1	21.1
PC	F	Y15-64	TR_C2	5.7	8.1	8.3	9.9	8.1	6.9	12.5	16.6	18.6	20.9	24.0	21.6
PC	F	Y15-64	TR_C3	2.6	3.6	4.8	10.2	7.7	6.5	9.5	10.1	10.1	10.8	10.2	12.7
PC	F	Y15-64	UK_C1	63.5	61.0	59.4	62.2	58.6	58.3	59.2	62.4	63.0	64.3	68.1	68.3
PC	F	Y15-64	UK_C2	63.0	63.6	63.6	61.7	61.4	64.4	63.7	66.7	66.1	67.0	68.8	68.6
PC	F	Y15-64	UK_D1	70.2	69.2	69.1	67.8	68.4	69.4	71.8	72.2	73.7	73.3	75.9	75.8
PC	F	Y15-64	UK_D3	64.4	63.2	61.7	60.7	61.0	61.9	62.1	63.4	63.4	67.9	70.2	69.4
PC	F	Y15-64	UK_D4	64.7	65.1	63.7	66.8	65.7	65.6	62.5	65.8	68.1	69.2	71.4	69.5
PC	F	Y15-64	UK_D6	70.1	69.7	67.9	68.9	66.8	69.0	67.4	69.0	67.7	69.8	71.1	71.0
PC	F	Y15-64	UK_D7	58.4	60.0	62.1	60.5	61.0	62.9	64.6	63.3	66.6	68.3	63.5	67.0
PC	F	Y15-64	UK_E1	67.4	65.5	64.2	65.9	65.1	64.2	65.6	66.2	65.0	66.1	67.6	68.5
PC	F	Y15-64	UK_E2	69.1	73.0	70.1	69.7	68.5	71.7	71.5	71.5	75.0	77.1	73.7	72.6
PC	F	Y15-64	UK_E3	61.5	60.3	60.5	63.5	60.4	62.0	63.3	66.7	64.7	65.8	66.8	70.7
PC	F	Y15-64	UK_E4	63.8	63.5	62.9	62.4	61.8	62.1	63.7	63.9	65.7	66.4	66.8	66.3
PC	F	Y15-64	UK_F1	63.9	66.8	66.2	63.9	62.6	65.4	65.2	67.1	68.5	70.6	68.9	68.9
PC	F	Y15-64	UK_F2	68.7	66.8	67.1	65.1	66.8	67.1	66.1	67.7	69.5	69.2	68.3	68.8
PC	F	Y15-64	UK_F3	65.3	66.3	66.7	66.3	68.1	63.5	67.5	68.8	65.4	68.2	69.8	72.1
PC	F	Y15-64	UK_G1	69.7	69.9	72.1	68.4	68.9	72.3	71.1	70.6	73.8	70.5	72.5	74.9
PC	F	Y15-64	UK_G2	67.2	68.0	66.7	66.3	65.7	65.5	67.7	67.2	69.0	72.1	71.6	73.0
PC	F	Y15-64	UK_G3	58.8	57.4	56.4	57.4	56.2	57.3	56.1	58.6	58.4	58.7	60.8	62.5
PC	F	Y15-64	UK_H1	68.2	68.9	69.2	66.2	68.9	70.5	69.2	71.3	72.6	72.2	72.9	73.9
PC	F	Y15-64	UK_H2	65.9	69.1	67.8	67.7	67.5	69.5	69.5	72.3	70.7	71.3	73.2	72.0
PC	F	Y15-64	UK_H3	66.5	66.3	65.8	65.2	66.7	64.9	66.4	65.7	69.0	69.5	71.4	72.6
PC	F	Y15-64	UK_I1	57.5	60.8	59.2									
PC	F	Y15-64	UK_I2	62.3	62.3	61.1									
PC	F	Y15-64	UK_I3				58.5	57.6	62.3	62.8	65.9	64.7	68.6	63.7	66.7
PC	F	Y15-64	UK_I4				58.4	57.7	58.7	61.9	63.1	64.6	63.2	65.4	67.9
PC	F	Y15-64	UK_I5				56.7	59.1	59.5	58.5	60.6	62.8	65.0	67.1	67.6
PC	F	Y15-64	UK_I6				65.7	65.7	66.9	70.2	68.8	67.4	69.6	72.1	72.8
PC	F	Y15-64	UK_I7				64.0	61.6	60.8	61.4	63.3	65.7	64.9	67.6	66.3
PC	F	Y15-64	UK_J1	71.4	71.5	71.4	70.0	69.1	71.1	71.8	71.4	72.6	74.1	76.1	74.1
PC	F	Y15-64	UK_J2	70.1	70.6	68.6	68.0	69.3	68.3	70.5	70.4	71.5	71.9	73.6	73.0
PC	F	Y15-64	UK_J3	69.7	70.3	69.2	69.7	68.8	68.3	69.7	70.8	73.0	72.4	74.1	74.3
PC	F	Y15-64	UK_J4	67.5	66.5	66.2	66.6	64.4	65.3	65.9	68.2	66.7	70.0	71.5	71.4
PC	F	Y15-64	UK_K1	72.2	70.3	71.6	68.9	69.0	69.0	69.3	71.0	73.0	74.0	74.1	76.1
PC	F	Y15-64	UK_K2	69.9	71.1	68.5	68.5	66.0	70.7	73.7	73.0	72.1	70.2	72.9	74.6
PC	F	Y15-64	UK_K3	64.7	63.6	64.0	62.2	63.9	63.7	65.4	69.7	72.1	72.6	69.5	70.4
PC	F	Y15-64	UK_K4	68.7	71.8	69.4	67.8	69.2	67.7	68.6	70.9	71.0	71.5	73.2	73.7
PC	F	Y15-64	UK_L1	61.7	62.1	60.8	60.5	61.7	62.1	64.5	64.8	66.1	68.1	67.7	68.2
PC	F	Y15-64	UK_L2	64.6	67.2	66.8	64.9	67.1	63.6	65.8	65.5	68.3	69.7	70.2	73.2
PC	F	Y15-64	UK_M2	69.3	69.6	66.4	67.0	70.0	66.1						
PC	F	Y15-64	UK_M3	66.5	64.7	65.8	64.1	63.2	64.3						
PC	F	Y15-64	UK_M5	71.0	72.5	70.1	71.4	70.5	70.2	68.1	73.7	74.3	76.4	72.7	70.3
PC	F	Y15-64	UK_M6	74.2	72.7	69.6	67.9	69.7	64.9	74.1	72.7	71.2	71.2	72.9	73.7
PC	F	Y15-64	UK_M7							68.4	70.7	71.1	70.1	71.3	72.4
PC	F	Y15-64	UK_M8							66.8	65.6	70.0	67.9	68.4	68.6
PC	F	Y15-64	UK_M9							66.8	72.5	69.9	69.2	71.6	68.5
PC	F	Y15-64	UK_N0	60.8	60.8	59.2	60.7	61.8	62.2	61.8	62.8	62.1	64.6	64.3	66.1
PC	M	Y15-64	AT_11	78.2	78.2	76.8	77.1	76.1	75.9	74.8	75.0	74.3	73.7	75.8	77.1
PC	M	Y15-64	AT_12	77.7	78.5	76.7	77.3	77.5	77.2	77.2	77.4	77.0	76.9	78.1	78.5
PC	M	Y15-64	AT_13	69.4	69.8	68.8	70.0	69.5	69.4	69.2	67.4	67.3	67.3	68.3	70.6
PC	M	Y15-64	AT_21	74.7	75.8	74.2	74.2	74.4	74.0	74.1	73.1	73.4	74.6	74.8	76.7
PC	M	Y15-64	AT_22	76.8	77.0	75.0	75.2	76.4	76.4	76.1	75.1	74.9	75.3	75.7	77.2
PC	M	Y15-64	AT_31	79.5	80.7	79.5	79.6	79.9	79.7	79.3	79.7	79.3	80.0	80.4	81.4
PC	M	Y15-64	AT_32	78.3	78.6	78.0	79.1	79.6	80.4	80.0	78.2	78.4	78.6	79.9	81.3
PC	M	Y15-64	AT_33	79.3	78.9	78.5	78.1	78.6	79.8	80.1	78.6	79.1	78.9	79.9	80.5
PC	M	Y15-64	AT_34	80.7	80.4	78.8	79.1	80.4	80.4	80.0	80.2	80.6	82.0	82.1	82.6
PC	M	Y15-64	BE_10	61.4	62.9	61.0	61.0	59.2	59.4	56.7	58.8	59.2	60.3	61.9	61.2
PC	M	Y15-64	BE_21	71.9	71.7	70.1	69.6	69.6	70.1	69.1	68.9	68.6	68.9	71.0	72.2
PC	M	Y15-64	BE_22	70.1	69.9	69.1	69.8	70.4	68.9	68.9	67.8	67.6	69.6	71.6	70.9
PC	M	Y15-64	BE_23	73.1	73.8	73.0	72.4	71.2	72.5	73.1	72.5	70.4	72.0	72.5	73.6
PC	M	Y15-64	BE_24	72.8	72.0	71.2	71.7	72.6	70.9	70.7	70.2	71.0	70.5	71.3	71.7
PC	M	Y15-64	BE_25	73.5	72.0	70.8	72.3	71.4	70.5	71.3	71.7	71.2	71.6	73.2	75.2
PC	M	Y15-64	BE_31	69.2	69.3	67.0	66.1	67.1	67.2	66.7	65.8	66.6	67.4	66.6	65.9
PC	M	Y15-64	BE_32	61.8	60.6	58.3	59.6	59.9	59.5	58.5	56.1	56.5	59.1	59.1	59.3
PC	M	Y15-64	BE_33	63.1	64.2	63.2	62.8	63.0	62.2	62.3	59.4	59.8	60.5	60.4	62.3
PC	M	Y15-64	BE_34	69.7	68.6	67.7	68.5	68.3	67.2	68.0	67.6	66.3	66.7	69.1	69.2
PC	M	Y15-64	BE_35	67.2	66.3	64.1	66.0	63.7	64.8	62.6	63.4	61.5	61.4	63.4	63.8
PC	M	Y15-64	BG_31	60.8	62.1	60.0	56.8	55.5	55.7	56.0	55.4	57.4	57.9	60.8	61.1
PC	M	Y15-64	BG_32	61.5	63.4	63.3	59.1	57.7	57.8	58.6	61.0	63.7	64.1	66.8	68.3
PC	M	Y15-64	BG_33	67.0	69.2	64.7	61.5	60.5	58.6	60.3	64.0	68.6	68.5	70.8	72.1
PC	M	Y15-64	BG_34	64.3	68.5	67.5	64.5	61.1	61.5	61.5	63.1	65.3	67.2	71.0	71.8
PC	M	Y15-64	BG_41	71.6	74.5	73.6	69.6	67.2	67.8	67.3	67.7	69.3	70.6	74.6	76.1
PC	M	Y15-64	BG_42	64.3	66.6	64.6	60.8	58.3	58.4	61.2	64.7	65.2	65.4	71.2	70.9
PC	M	Y15-64	CH_01	82.6	81.8	80.5	78.0	78.7	77.5	77.7	77.4	77.5	77.4	77.0	78.8
PC	M	Y15-64	CH_02	85.6	86.3	85.0	84.0	85.7	85.3	84.3	84.7	84.5	84.9	86.5	85.5
PC	M	Y15-64	CH_03	85.8	86.1	85.3	83.0	83.7	83.8	84.3	82.7	83.5	83.9	84.5	84.2
PC	M	Y15-64	CH_04	87.5	86.7	86.9	84.7	85.2	86.0	85.1	84.6	85.7	86.3	86.1	86.2
PC	M	Y15-64	CH_05	87.2	86.6	85.9	85.7	87.0	86.7	85.8	86.8	85.9	85.5	86.6	87.6
PC	M	Y15-64	CH_06	87.8	87.7	85.5	86.8	86.5	87.2	87.5	87.6	88.1	87.8	87.9	88.3
PC	M	Y15-64	CH_07	78.5	79.2	77.5	78.5	80.0	78.7	77.5	77.9	78.6	78.2	80.0	77.8
PC	M	Y15-64	CY_00	80.0	79.2	76.3	75.3	73.7	70.4	67.0	66.0	66.7	68.6	70.0	73.3
PC	M	Y15-64	CZ_01	78.6	79.1	79.2	80.1	79.9	81.0	81.7	82.3	82.3	83.3	86.0	87.0
PC	M	Y15-64	CZ_02	77.4	78.0	76.9	76.8	77.0	77.3	77.9	79.2	81.0	80.9	82.6	82.7
PC	M	Y15-64	CZ_03	77.0	77.2	75.8	74.9	76.1	76.8	77.3	78.7	80.0	80.6	81.8	82.8
PC	M	Y15-64	CZ_04	71.7	72.9	71.5	70.9	71.5	71.4	73.3	74.2	74.4	76.2	78.0	78.8
PC	M	Y15-64	CZ_05	74.7	74.6	72.7	73.4	73.2	73.1	74.4	76.9	77.8	79.1	80.8	80.9
PC	M	Y15-64	CZ_06	74.7	75.2	73.1	72.5	73.4	74.3	76.1	77.2	77.2	79.6	80.2	81.6
PC	M	Y15-64	CZ_07	74.1	74.2	72.4	70.6	71.3	73.3	73.5	74.9	77.1	78.2	79.4	81.1
PC	M	Y15-64	CZ_08	70.2	72.3	69.7	69.2	70.1	70.1	70.8	72.3	72.9	76.1	78.0	78.7
PC	M	Y15-64	DE_11	79.9	80.9	79.3	79.9	81.2	81.2	80.9	81.4	81.6	82.5	82.9	83.8
PC	M	Y15-64	DE_12	78.4	79.7	77.3	78.4	79.5	79.6	80.1	79.7	79.6	79.7	79.6	81.1
PC	M	Y15-64	DE_13	79.7	80.5	79.5	80.9	82.0	82.4	82.6	82.3	82.0	81.5	81.6	82.5
PC	M	Y15-64	DE_14	79.7	81.2	79.6	80.0	81.8	81.9	82.7	82.4	82.2	82.4	83.3	83.2
PC	M	Y15-64	DE_21	79.9	80.7	80.5	81.3	82.3	82.7	83.6	83.6	83.2	83.8	84.4	84.1
PC	M	Y15-64	DE_22	81.2	81.8	80.2	81.6	82.8	81.6	82.1	82.6	83.1	83.8	84.0	84.4
PC	M	Y15-64	DE_23	80.5	82.2	81.2	80.6	81.4	81.6	81.3	82.0	81.6	80.9	81.5	84.3
PC	M	Y15-64	DE_24	76.8	78.1	77.2	78.4	80.1	81.0	80.3	80.4	80.6	79.8	79.5	81.4
PC	M	Y15-64	DE_25	77.0	79.3	78.9	78.8	80.5	81.1	80.6	80.5	80.6	79.7	81.5	81.8
PC	M	Y15-64	DE_26	79.3	81.0	78.4	79.5	80.3	82.0	82.0	82.3	80.9	80.9	81.3	83.7
PC	M	Y15-64	DE_27	80.3	81.9	80.8	81.9	82.1	82.6	83.5	82.6	82.7	84.0	84.5	84.1
PC	M	Y15-64	DE_30	64.1	64.7	66.8	68.2	69.5	71.1	71.1	71.1	71.5	74.3	75.8	77.2
PC	M	Y15-64	DE_40	71.2	73.7	74.0	75.2	75.9	76.2	76.6	76.7	77.3	78.1	77.5	78.1
PC	M	Y15-64	DE_50	68.6	68.7	66.7	68.4	70.1	72.8	71.0	71.2	70.7	74.7	74.5	74.8
PC	M	Y15-64	DE_60	74.4	75.0	75.0	75.8	77.5	77.3	76.8	78.4	78.1	78.7	79.9	79.7
PC	M	Y15-64	DE_71	76.6	77.6	77.3	77.3	79.1	78.9	79.0	77.9	78.6	78.9	79.0	79.3
PC	M	Y15-64	DE_72	75.3	75.2	75.4	76.2	78.2	78.1	77.3	77.1	77.0	77.6	77.5	78.1
PC	M	Y15-64	DE_73	74.1	74.4	74.5	76.7	78.4	77.7	77.9	77.8	78.3	79.4	80.7	80.0
PC	M	Y15-64	DE_80	67.9	70.4	71.1	72.5	73.9	72.9	72.7	72.7	73.3	73.7	74.8	74.5
PC	M	Y15-64	DE_91	72.3	72.7	73.2	73.8	75.5	74.7	74.3	74.9	75.4	75.9	75.7	77.2
PC	M	Y15-64	DE_92	73.3	73.6	73.4	73.8	74.8	77.3	77.7	77.6	76.5	75.4	76.2	77.1
PC	M	Y15-64	DE_93	76.4	76.5	77.4	78.5	79.6	79.6	79.8	79.9	80.1	79.7	80.0	81.5
PC	M	Y15-64	DE_94	75.3	75.9	76.7	76.7	79.1	78.2	79.3	79.1	78.8	79.0	80.0	80.3
PC	M	Y15-64	DE_A1	72.6	74.2	73.4	73.8	74.6	75.1	74.8	75.3	74.7	75.0	75.9	76.6
PC	M	Y15-64	DE_A2	73.6	74.4	74.2	74.6	75.1	75.1	74.5	75.3	75.0	76.3	76.3	76.2
PC	M	Y15-64	DE_A3	73.6	74.2	73.6	74.4	76.4	76.4	75.8	76.1	76.7	76.5	76.0	78.0
PC	M	Y15-64	DE_A4	75.3	77.1	75.7	75.3	78.1	78.7	78.3	78.4	77.6	78.1	78.2	79.7
PC	M	Y15-64	DE_A5	71.9	73.5	72.3	73.2	74.6	75.0	74.4	75.2	74.4	74.5	74.7	76.3
PC	M	Y15-64	DE_B1	78.2	79.3	77.7	79.7	80.2	79.2	79.8	79.5	79.7	78.8	79.4	81.5
PC	M	Y15-64	DE_B2	79.4	79.5	79.4	79.4	80.7	81.3	81.7	83.5	81.1	80.3	80.4	82.0
PC	M	Y15-64	DE_B3	76.5	77.2	76.0	76.1	76.9	78.2	78.2	77.6	77.7	77.5	78.0	78.3
PC	M	Y15-64	DE_C0	73.1	74.1	72.9	73.4	74.5	75.6	75.9	76.0	74.9	75.2	76.3	77.0
PC	M	Y15-64	DE_D2	70.8	72.5	73.0	75.0	76.9	77.6	76.7	76.5	76.7	79.0	80.0	80.5
PC	M	Y15-64	DE_D4	71.7	73.2	73.3	74.3	76.2	77.0	78.4	79.3	79.0	80.3	80.6	80.9
PC	M	Y15-64	DE_D5	67.3	69.7	72.5	74.7	75.4	74.1	75.4	75.9	75.4	75.8	76.8	78.7
PC	M	Y15-64	DE_E0	68.7	70.6	71.0	73.7	75.5	74.9	76.0	74.6	75.2	75.8	74.9	77.0
PC	M	Y15-64	DE_F0	75.9	76.5	76.0	75.6	77.0	78.1	78.1	78.1	78.9	77.6	78.1	79.2
PC	M	Y15-64	DE_G0	72.1	74.4	73.6	76.5	77.9	77.9	78.3	78.0	76.3	77.8	78.9	79.2
PC	M	Y15-64	DK_01	81.1	82.1	79.2	76.6	76.3	76.1	76.4	77.3	78.1	79.5	78.2	78.7
PC	M	Y15-64	DK_02	81.1	81.1	77.5	76.2	76.0	74.1	73.4	75.3	75.1	76.7	76.3	77.1
PC	M	Y15-64	DK_03	80.5	81.3	76.5	74.1	75.6	74.6	74.1	74.1	75.9	75.5	75.2	77.3
PC	M	Y15-64	DK_04	80.9	82.5	78.5	76.1	76.4	75.1	74.7	75.8	77.1	78.1	77.2	79.0
PC	M	Y15-64	DK_05	79.8	79.7	76.7	73.8	73.7	75.0	75.1	74.9	74.4	77.2	76.1	76.4
PC	M	Y15-64	EE_00	73.5	73.7	64.3	61.7	67.8	69.7	71.4	73.0	75.3	75.7	77.4	78.1
PC	M	Y15-64	EL_30	73.9	74.0	72.2	69.3	64.8	58.7	56.7	57.2	58.2	60.4	61.6	64.0
PC	M	Y15-64	EL_41	75.4	75.7	74.3	73.7	65.4	63.6	63.4	61.8	64.8	66.9	66.0	64.7
PC	M	Y15-64	EL_42	79.9	77.4	75.6	74.5	69.1	69.7	65.8	62.1	68.1	70.0	68.7	69.6
PC	M	Y15-64	EL_43	76.7	76.9	74.5	71.3	68.1	62.5	60.3	60.3	60.5	61.8	65.3	69.1
PC	M	Y15-64	EL_51	73.4	73.4	72.0	68.9	62.6	58.6	56.2	57.8	58.7	60.3	63.3	64.6
PC	M	Y15-64	EL_52	73.1	73.4	71.6	69.0	63.2	57.5	54.7	55.5	58.3	59.5	61.5	63.8
PC	M	Y15-64	EL_53	68.7	69.7	69.0	65.8	59.6	55.0	52.9	56.8	56.6	57.5	58.7	59.5
PC	M	Y15-64	EL_54	71.5	73.3	72.8	70.5	65.3	60.7	55.7	55.4	57.7	59.4	58.0	60.1
PC	M	Y15-64	EL_61	74.8	73.8	74.1	71.9	67.3	63.0	60.3	59.0	58.3	59.2	63.5	63.7
PC	M	Y15-64	EL_62	77.1	78.2	78.9	73.7	71.3	72.0	70.5	66.6	64.8	65.6	63.5	69.1
PC	M	Y15-64	EL_63	70.7	71.5	71.1	70.4	65.3	58.2	56.8	55.8	56.7	57.7	60.6	61.0
PC	M	Y15-64	EL_64	76.5	76.3	74.3	71.9	67.3	59.8	58.6	59.1	61.5	63.1	64.5	66.7
PC	M	Y15-64	EL_65	79.1	80.6	80.7	76.9	71.3	68.0	66.0	64.9	64.9	67.2	71.3	73.3
PC	M	Y15-64	ES_11	73.0	72.6	68.1	65.5	64.3	61.2	59.3	59.3	61.5	63.3	64.2	65.7
PC	M	Y15-64	ES_12	68.7	69.7	64.2	62.1	59.5	57.6	55.9	57.7	56.8	59.1	62.4	62.6
PC	M	Y15-64	ES_13	76.1	74.7	68.6	67.2	65.1	62.9	61.1	61.7	64.1	65.8	66.4	69.3
PC	M	Y15-64	ES_21	76.5	76.2	70.5	71.6	70.3	66.9	65.8	65.6	66.7	69.4	70.0	69.9
PC	M	Y15-64	ES_22	81.2	77.8	73.8	71.6	70.3	66.3	66.3	67.4	68.4	69.3	73.1	71.2
PC	M	Y15-64	ES_23	80.4	78.3	72.4	71.2	67.7	66.1	64.3	68.4	70.3	71.6	72.6	72.4
PC	M	Y15-64	ES_24	80.2	77.8	71.3	69.5	67.7	67.7	64.4	66.0	69.7	71.2	73.4	73.3
PC	M	Y15-64	ES_30	80.0	77.6	72.2	70.6	69.8	66.6	66.4	67.3	69.5	69.7	71.0	72.3
PC	M	Y15-64	ES_41	76.2	74.6	69.7	68.2	67.0	65.4	62.3	63.7	66.0	67.8	69.2	70.9
PC	M	Y15-64	ES_42	78.4	74.2	67.8	65.9	64.1	59.5	58.6	59.5	61.5	63.9	66.9	69.0
PC	M	Y15-64	ES_43	70.1	69.1	63.2	61.5	58.9	53.4	51.8	55.8	57.3	58.6	58.9	62.2
PC	M	Y15-64	ES_51	80.3	77.4	69.1	68.2	67.0	63.4	63.0	65.0	67.3	69.5	70.9	72.0
PC	M	Y15-64	ES_52	76.4	73.6	64.5	62.1	60.7	58.3	58.2	59.8	62.0	64.6	66.9	68.6
PC	M	Y15-64	ES_53	78.8	75.3	67.8	66.1	63.7	64.7	65.0	65.0	67.5	71.0	71.9	71.8
PC	M	Y15-64	ES_61	70.7	66.7	59.5	57.3	55.6	51.6	50.4	52.2	54.9	56.5	58.9	61.2
PC	M	Y15-64	ES_62	77.8	72.1	63.5	62.6	60.5	57.7	57.3	60.4	61.9	65.1	66.8	67.7
PC	M	Y15-64	ES_63	61.7	67.2	64.7	58.8	57.7	53.7	55.6	53.3	57.1	58.4	60.5	58.3
PC	M	Y15-64	ES_64	67.9	67.3	58.7	60.4	60.1	55.5	50.0	55.9	52.2	58.3	60.1	59.4
PC	M	Y15-64	ES_70	71.8	66.1	58.9	55.7	55.9	53.7	51.4	52.8	56.8	58.5	59.8	61.9
PC	M	Y15-64	FI_19	73.6	72.6	68.7	68.7	70.2	70.1	69.1	68.9	69.1	69.9	70.8	73.4
PC	M	Y15-64	FI_1B	76.9	78.5	75.3	75.2	76.5	75.9	74.9	74.3	73.3	75.0	75.7	76.4
PC	M	Y15-64	FI_1C	71.6	73.5	69.3	67.6	68.5	69.2	68.1	67.5	67.4	68.4	69.3	72.6
PC	M	Y15-64	FI_1D	65.3	66.8	63.3	64.3	65.6	65.4	66.0	65.5	65.7	66.8	67.6	70.0
PC	M	Y15-64	FI_Y20	82.6	86.4	80.4	80.3	80.3	81.0	77.9	84.7	84.1	83.5	85.4	85.2
PC	M	Y15-64	FR_10	70.7	71.0	70.5	69.8	69.6	70.4	70.0	69.2	69.0	70.1	71.0	71.1
PC	M	Y15-64	FR_B0	71.1	72.8	69.3	69.1	68.4	67.7	66.2	65.9	65.6	67.7	68.7	68.9
PC	M	Y15-64	FR_C1	69.7	69.2	69.7	67.2	68.0	66.7	67.7	65.8	66.3	66.4	67.9	70.2
PC	M	Y15-64	FR_C2	72.8	73.1	67.6	69.1	69.0	70.5	67.8	65.7	68.6	69.4	72.1	73.3
PC	M	Y15-64	FR_D1	70.1	72.5	72.1	66.4	65.7	69.6	66.6	67.2	67.4	67.0	68.5	70.8
PC	M	Y15-64	FR_D2	67.9	70.1	68.4	67.0	68.8	65.5	64.6	66.5	68.4	68.0	66.0	64.3
PC	M	Y15-64	FR_E1	63.9	63.9	61.4	62.9	63.3	63.3	62.6	61.9	61.5	61.6	61.6	61.6
PC	M	Y15-64	FR_E2	68.4	70.5	65.8	65.0	68.7	65.6	64.0	64.9	67.6	64.9	68.3	65.2
PC	M	Y15-64	FR_F1	71.2	74.0	71.9	73.4	73.4	69.5	70.0	70.6	71.9	69.4	69.2	72.9
PC	M	Y15-64	FR_F2	69.1	68.9	68.2	66.1	64.7	66.9	66.1	65.0	62.7	63.5	66.9	68.8
PC	M	Y15-64	FR_F3	67.9	69.7	65.6	69.4	68.0	64.6	64.1	66.3	64.4	64.6	65.7	67.3
PC	M	Y15-64	FR_G0	71.8	69.2	70.7	70.8	70.1	71.5	70.2	70.8	70.4	70.2	70.9	70.4
PC	M	Y15-64	FR_H0	67.9	69.3	69.3	67.5	66.5	68.1	70.3	69.4	69.9	69.0	69.7	70.3
PC	M	Y15-64	FR_I1	71.3	70.3	69.2	70.9	67.0	67.2	66.7	66.6	68.0	67.5	67.3	68.6
PC	M	Y15-64	FR_I2	69.5	71.0	71.2	68.3	68.4	69.7	70.2	68.7	67.7	71.9	71.8	70.6
PC	M	Y15-64	FR_I3	69.0	70.5	68.8	67.8	68.1	69.4	69.8	67.4	67.4	68.4	69.8	70.1
PC	M	Y15-64	FR_J1	62.6	63.1	60.9	59.4	62.0	58.8	60.9	62.6	61.7	61.9	64.5	63.6
PC	M	Y15-64	FR_J2	71.1	72.4	70.6	70.5	70.7	70.6	71.1	69.9	67.8	68.6	70.2	72.0
PC	M	Y15-64	FR_K1	69.3	70.6	69.8	69.4	68.5	67.5	67.6	67.5	68.3	70.4	67.7	72.1
PC	M	Y15-64	FR_K2	71.8	70.3	68.9	70.3	70.4	70.7	70.8	69.9	70.3	71.3	72.8	73.5
PC	M	Y15-64	FR_L0	65.5	66.7	66.9	67.3	67.1	67.4	66.8	66.6	66.0	67.6	67.2	67.3
PC	M	Y15-64	FR_M0	61.2	65.3	69.3	68.6	73.4	67.2	61.4	64.1	59.3	62.2	73.3	77.7
PC	M	Y15-64	FR_Y1	55.2	55.0	51.6	51.8	53.8	52.5	53.2	52.4	52.5	51.4	53.4	51.1
PC	M	Y15-64	FR_Y2	51.6	51.5	52.1	53.0	55.1	54.6	52.0	54.6	53.5	55.4	56.2	54.6
PC	M	Y15-64	FR_Y3	54.5	53.6	55.0	53.1	53.2	52.3	53.6	56.1	52.9	49.2	49.9	51.7
PC	M	Y15-64	FR_Y4	52.8	52.8	51.4	49.8	49.2	49.8	49.6	50.9	52.8	53.4	52.0	50.3
PC	M	Y15-64	FR_Y5							45.2	45.8	45.5	44.4	44.1	42.6
PC	M	Y15-64	HR_03	65.3	65.4	63.5	61.4	59.0	57.4	55.2	58.1	58.1	59.5	63.5	61.7
PC	M	Y15-64	HR_04	67.1	68.2	66.1	63.3	61.8	59.0	57.2	59.6	61.4	62.3	64.0	67.2
PC	M	Y15-64	HU_10	69.6	69.4	67.2	65.2	66.1	66.8						
PC	M	Y15-64	HU_11							69.9	74.1	76.6	78.8	81.1	79.5
PC	M	Y15-64	HU_12							66.6	69.9	71.0	75.9	77.4	78.9
PC	M	Y15-64	HU_21	68.9	66.7	63.5	62.9	64.7	64.9	67.7	71.4	74.8	75.7	77.8	78.0
PC	M	Y15-64	HU_22	70.7	69.3	65.2	63.6	65.7	65.3	67.7	73.4	74.2	75.8	78.9	81.3
PC	M	Y15-64	HU_23	57.5	55.8	57.2	56.0	55.6	56.7	59.2	63.6	65.5	67.1	68.7	70.5
PC	M	Y15-64	HU_31	56.2	55.6	53.5	52.0	52.6	53.2	56.6	61.1	65.5	68.6	70.4	71.4
PC	M	Y15-64	HU_32	56.8	55.1	53.2	54.5	55.2	57.2	59.3	63.2	65.0	67.9	71.1	73.3
PC	M	Y15-64	HU_33	60.9	60.5	59.0	59.2	59.4	60.8	61.5	65.0	68.2	71.9	73.9	75.8
PC	M	Y15-64	IE_01	80.1	75.7	65.7	62.5	60.9							
PC	M	Y15-64	IE_02	80.5	77.5	69.1	65.8	64.9							
PC	M	Y15-64	IE_04						61.3	66.2	67.3	69.4	70.4	72.0	71.9
PC	M	Y15-64	IE_05						63.6	66.0	67.2	69.6	71.8	72.8	72.6
PC	M	Y15-64	IE_06						64.6	66.8	69.6	71.0	72.4	73.6	75.9
PC	M	Y15-64	IS_00	89.1	87.3	80.0	80.1	80.3	81.5	83.2	85.4	87.1	89.4	88.6	87.5
PC	M	Y15-64	IT_C1	73.3	73.3	72.1	71.2	71.3	70.5	68.9	68.9	70.5	70.7	71.6	72.9
PC	M	Y15-64	IT_C2	76.4	75.6	74.4	74.3	72.9	71.2	70.6	71.5	70.9	71.1	71.5	71.6
PC	M	Y15-64	IT_C3	72.3	72.8	72.0	70.9	71.0	70.1	67.8	67.6	68.7	71.3	70.6	70.6
PC	M	Y15-64	IT_C4	76.6	76.5	75.1	74.0	73.8	72.8	72.1	72.1	73.0	74.3	75.1	75.7
PC	M	Y15-64	IT_F1	71.5	71.2	68.2	67.0	68.1	68.4	65.5	64.6	66.1	67.0	68.6	70.4
PC	M	Y15-64	IT_F2	66.5	66.7	63.8	62.9	61.5	62.1	56.5	57.9	59.1	61.6	60.4	64.7
PC	M	Y15-64	IT_F3	59.8	57.9	55.7	54.4	53.7	52.7	51.5	51.2	52.0	53.9	55.0	54.1
PC	M	Y15-64	IT_F4	63.7	63.5	61.0	59.6	59.6	59.1	55.4	55.1	56.4	57.5	57.5	58.5
PC	M	Y15-64	IT_F5	64.9	64.2	61.2	58.9	60.4	57.9	56.3	59.0	61.8	61.6	61.6	61.7
PC	M	Y15-64	IT_F6	58.9	57.5	56.2	54.4	53.8	52.0	49.4	49.9	49.4	50.2	51.6	53.4
PC	M	Y15-64	IT_G1	60.5	59.5	58.4	57.0	56.4	54.3	51.9	51.0	52.1	52.1	52.3	52.5
PC	M	Y15-64	IT_G2	66.5	64.3	61.4	60.0	61.1	60.4	56.9	56.7	57.8	58.2	58.7	60.4
PC	M	Y15-64	IT_H1	79.5	79.0	78.6	79.0	78.8	78.8	78.3	77.3	78.4	78.9	79.8	79.1
PC	M	Y15-64	IT_H2	76.1	75.5	74.9	74.4	74.1	72.6	73.3	73.4	72.3	73.0	73.0	74.6
PC	M	Y15-64	IT_H3	77.1	77.0	75.0	75.1	74.8	74.8	72.7	72.9	73.2	74.3	74.9	75.0
PC	M	Y15-64	IT_H4	74.9	74.7	72.5	71.5	71.6	71.1	70.6	70.9	72.2	72.3	73.0	73.0
PC	M	Y15-64	IT_H5	78.3	78.0	75.3	74.7	74.8	73.7	72.9	73.5	73.8	74.7	75.2	76.6
PC	M	Y15-64	IT_I1	73.9	74.5	74.1	73.2	72.8	72.4	71.3	70.9	71.2	72.4	72.3	72.7
PC	M	Y15-64	IT_I2	73.7	74.1	72.6	72.5	71.4	69.9	68.4	68.7	71.1	70.5	71.0	71.5
PC	M	Y15-64	IT_I3	74.5	73.4	71.9	72.3	70.4	70.5	68.6	69.9	70.3	70.1	70.2	73.0
PC	M	Y15-64	IT_I4	71.5	71.7	70.7	69.6	68.9	68.0	66.3	66.5	67.2	68.2	69.1	68.9
PC	M	Y15-64	LT_00	68.2	67.2	59.3	56.5	60.1	62.2						
PC	M	Y15-64	LT_01							67.4	69.6	70.8	75.3	75.4	78.5
PC	M	Y15-64	LT_02							63.7	65.4	67.0	67.9	68.7	71.2
PC	M	Y15-64	LU_00	72.3	71.5	73.2	73.1	72.1	72.5	72.1	72.6	71.3	70.5	69.9	70.6
PC	M	Y15-64	LV_00	72.7	71.5	60.3	57.9	61.5	64.4	66.8	68.4	69.9	70.0	71.9	73.6
PC	M	Y15-64	ME_00					51.4	52.1	51.7	55.5	56.0	57.3	59.4	61.0
PC	M	Y15-64	MK_00	48.8	50.7	52.8	52.8	52.3	52.4	54.5	56.1	56.6	58.6	60.5	61.4
PC	M	Y15-64	MT_00	73.5	72.9	71.9	72.5	73.8	74.0	75.1	75.7	77.0	78.9	80.1	81.2
PC	M	Y15-64	NL_11	74.6	75.8	73.4	73.8	75.4	75.4	72.6	70.7	72.8	73.0	72.9	74.1
PC	M	Y15-64	NL_12	79.7	79.8	80.9	79.4	78.9	77.4	77.6	77.2	78.0	78.3	79.2	81.6
PC	M	Y15-64	NL_13	78.1	80.0	78.9	77.4	76.8	78.7	77.3	77.8	77.9	78.7	81.7	82.0
PC	M	Y15-64	NL_21	80.8	83.0	82.6	80.8	80.8	79.6	78.4	78.3	78.8	79.1	79.8	82.5
PC	M	Y15-64	NL_22	82.1	82.5	82.0	80.4	80.1	80.3	79.4	78.4	79.5	80.0	80.9	81.9
PC	M	Y15-64	NL_23	82.6	84.1	83.3	80.1	79.1	78.6	78.4	74.7	78.5	78.5	79.4	82.8
PC	M	Y15-64	NL_31	82.3	84.1	83.0	81.7	81.7	81.8	79.9	80.0	81.0	82.3	82.4	84.1
PC	M	Y15-64	NL_32	80.1	82.2	80.4	79.7	79.6	79.6	78.8	80.0	80.1	81.5	81.3	81.3
PC	M	Y15-64	NL_33	79.8	80.9	80.1	78.8	78.3	78.2	77.2	77.2	77.8	77.6	79.0	80.3
PC	M	Y15-64	NL_34	79.8	81.2	84.1	81.3	80.4	81.7	81.7	80.1	82.0	84.8	83.3	84.2
PC	M	Y15-64	NL_41	82.0	83.6	82.1	80.9	80.6	80.9	79.3	79.6	80.9	81.5	82.4	83.6
PC	M	Y15-64	NL_42	77.6	77.2	76.6	76.3	76.7	76.5	74.9	75.7	76.7	77.2	78.9	79.7
PC	M	Y15-64	NO_01	80.9	81.0	79.2	78.8	79.3	79.4	78.5	78.6	77.6	77.6	77.1	78.7
PC	M	Y15-64	NO_02	77.5	78.5	76.3	74.1	74.7	73.7	74.2	75.6	76.2	74.6	76.4	75.8
PC	M	Y15-64	NO_03	78.0	78.9	75.9	76.3	75.7	75.5	74.5	74.1	74.6	73.2	73.8	75.4
PC	M	Y15-64	NO_04	80.5	81.8	78.9	77.7	78.5	79.1	79.6	78.4	76.0	75.5	74.1	75.4
PC	M	Y15-64	NO_05	81.7	82.6	81.9	79.9	78.3	78.5	77.8	78.4	78.4	76.2	75.1	76.5
PC	M	Y15-64	NO_06	78.1	80.8	79.0	76.2	76.1	78.1	78.7	75.9	76.6	78.0	78.1	78.0
PC	M	Y15-64	NO_07	76.7	77.3	74.7	73.2	72.8	76.2	76.0	76.1	75.2	73.3	75.2	77.8
PC	M	Y15-64	PL_21	65.2	67.8	66.7	66.0	65.7	65.6	66.6	67.1	68.7	71.3	71.9	73.3
PC	M	Y15-64	PL_22	61.5	62.9	64.5	64.0	65.1	64.4	64.4	65.8	66.4	68.0	69.8	70.8
PC	M	Y15-64	PL_41	66.3	69.6	69.8	69.3	69.5	70.4	71.8	72.5	73.7	74.8	77.7	77.9
PC	M	Y15-64	PL_42	58.1	60.6	61.7	59.0	61.1	62.9	63.8	65.2	66.8	67.0	69.1	73.0
PC	M	Y15-64	PL_43	62.3	64.9	62.8	62.8	63.2	63.2	65.0	65.9	67.7	70.2	72.1	72.7
PC	M	Y15-64	PL_51	62.4	64.5	64.6	63.1	62.5	63.7	64.5	67.9	70.3	72.7	73.2	74.1
PC	M	Y15-64	PL_52	65.8	66.5	65.8	66.6	67.8	68.9	68.8	69.5	70.7	73.6	76.5	76.9
PC	M	Y15-64	PL_61	61.6	64.9	64.9	64.3	64.5	65.6	66.4	68.1	68.6	69.5	71.5	73.7
PC	M	Y15-64	PL_62	61.1	63.3	63.2	62.3	62.6	60.3	60.2	61.7	63.5	66.0	68.7	69.1
PC	M	Y15-64	PL_63	64.0	66.4	66.4	66.2	66.7	66.7	66.7	68.2	71.2	73.4	75.4	76.8
PC	M	Y15-64	PL_71	63.9	67.0	67.4	67.3	68.0	67.2	67.8	70.5	70.2	72.2	75.0	76.4
PC	M	Y15-64	PL_72	63.8	67.0	64.3	63.8	64.5	65.0	63.9	64.3	66.2	68.4	69.6	69.6
PC	M	Y15-64	PL_81	64.4	64.0	63.7	64.1	64.6	65.0	66.1	66.2	65.9	68.2	69.6	71.0
PC	M	Y15-64	PL_82	62.0	64.0	63.9	62.6	62.5	62.1	62.3	62.5	64.0	67.9	69.6	69.9
PC	M	Y15-64	PL_84	65.4	67.8	68.0	63.1	65.6	67.5	66.8	67.8	69.3	71.3	72.2	75.0
PC	M	Y15-64	PL_91							74.9	78.2	78.4	78.7	80.2	82.4
PC	M	Y15-64	PL_92							67.3	69.7	69.4	69.4	71.6	72.0
PC	M	Y15-64	PT_11	73.4	72.8	70.0	69.5	68.6	65.0	62.9	65.2	65.6	67.7	70.5	71.8
PC	M	Y15-64	PT_15	75.8	75.9	73.2	69.5	66.4	63.5	63.0	67.1	66.8	68.9	71.3	73.2
PC	M	Y15-64	PT_16	77.8	78.0	73.7	72.9	70.2	68.0	67.8	68.7	70.3	70.9	73.0	74.8
PC	M	Y15-64	PT_17	69.9	71.5	69.1	67.1	65.0	61.6	61.6	65.1	67.2	67.8	71.1	73.2
PC	M	Y15-64	PT_18	74.6	72.4	70.6	70.4	68.4	64.7	64.1	65.4	66.0	68.1	71.6	71.9
PC	M	Y15-64	PT_Y20	75.9	77.2	75.3	73.5	67.5	63.5	59.5	61.9	63.4	64.6	67.1	70.2
PC	M	Y15-64	PT_30	71.7	72.6	69.0	68.7	63.7	59.0	58.4	59.8	60.3	62.2	66.1	67.1
PC	M	Y15-64	RO_11	61.1	60.7	60.0	66.2	65.9	68.7	69.6	70.8	71.3	72.1	74.2	75.0
PC	M	Y15-64	RO_12	61.8	63.9	61.9	62.4	59.8	61.7	62.3	62.8	65.6	67.1	69.5	69.1
PC	M	Y15-64	RO_21	63.3	63.7	64.5	70.5	69.8	70.2	70.7	71.2	75.9	75.5	76.4	78.6
PC	M	Y15-64	RO_22	63.7	65.0	65.1	67.8	64.4	65.8	65.1	65.5	68.4	66.8	67.9	69.6
PC	M	Y15-64	RO_31	68.0	69.8	68.9	70.3	64.4	65.9	67.4	68.4	68.0	69.0	70.9	72.8
PC	M	Y15-64	RO_32	69.6	71.0	71.0	70.8	71.3	70.6	68.9	71.7	73.0	73.7	76.1	77.8
PC	M	Y15-64	RO_41	65.5	66.1	65.8	67.4	68.1	68.9	67.4	68.6	63.0	63.1	69.1	70.3
PC	M	Y15-64	RO_42	66.9	66.0	65.2	66.1	66.9	69.1	68.6	69.6	67.6	67.1	67.4	69.1
PC	M	Y15-64	RS_11							57.1	58.0	58.2	61.2	64.1	68.3
PC	M	Y15-64	RS_12							52.9	56.7	59.1	62.2	64.6	67.1
PC	M	Y15-64	RS_21							55.8	60.8	61.3	63.2	64.9	65.2
PC	M	Y15-64	RS_22							54.9	55.5	57.9	60.7	61.3	61.5
PC	M	Y15-64	SE_11	77.9	78.8	77.4	77.6	78.3	78.2	79.5	79.0	79.5	80.2	80.6	81.2
PC	M	Y15-64	SE_12	75.0	75.5	73.2	73.1	74.6	74.3	74.6	75.8	76.0	76.5	76.4	77.8
PC	M	Y15-64	SE_21	78.9	80.6	75.4	75.5	77.3	77.2	77.1	77.0	77.9	78.5	79.7	79.7
PC	M	Y15-64	SE_22	74.7	75.7	73.1	73.7	74.1	73.8	74.2	73.8	74.9	74.8	75.3	75.6
PC	M	Y15-64	SE_23	77.3	76.7	73.8	74.6	76.1	75.9	76.3	77.6	78.2	78.2	79.7	80.3
PC	M	Y15-64	SE_31	75.3	74.7	72.0	73.3	74.6	74.9	74.8	73.9	73.5	74.6	76.2	77.7
PC	M	Y15-64	SE_32	77.4	74.1	71.1	73.0	75.0	74.4	76.5	77.5	77.3	78.0	78.9	80.3
PC	M	Y15-64	SE_33	75.4	74.3	72.0	70.7	72.2	72.4	74.6	74.9	74.9	76.6	76.8	77.7
PC	M	Y15-64	SI_01	71.4	71.5	70.2									
PC	M	Y15-64	SI_02	74.3	74.1	71.9									
PC	M	Y15-64	SI_03				68.5	66.3	65.8	65.5	66.6	68.0	68.1	72.5	72.7
PC	M	Y15-64	SI_04				71.0	69.4	69.4	69.0	68.7	70.5	69.8	72.6	76.6
PC	M	Y15-64	SK_01	76.7	76.8	75.7	73.1	75.3	76.8	76.2	77.5	76.9	79.7	78.1	80.3
PC	M	Y15-64	SK_02	71.4	73.2	69.7	68.2	69.3	69.6	69.1	69.7	71.6	73.5	74.7	75.4
PC	M	Y15-64	SK_03	66.4	67.4	65.0	62.8	64.4	64.3	63.9	65.5	68.4	70.2	71.3	73.2
PC	M	Y15-64	SK_04	63.2	65.6	64.0	60.6	60.4	61.5	61.7	63.5	65.0	66.7	67.2	70.2
PC	M	Y15-64	TR_10	67.3	66.8	63.0	65.9	68.9	69.9	70.3	70.1	71.0	72.0	72.5	72.9
PC	M	Y15-64	TR_21	74.0	71.0	70.4	72.7	75.9	76.1	76.4	76.9	77.7	78.5	79.0	80.9
PC	M	Y15-64	TR_22	73.2	69.1	69.4	68.4	70.4	69.3	67.7	70.2	69.6	71.7	72.9	72.1
PC	M	Y15-64	TR_31	66.3	64.1	61.3	65.6	70.5	69.3	70.5	70.2	69.3	71.5	71.3	72.1
PC	M	Y15-64	TR_32	69.3	69.4	69.3	70.3	71.6	73.0	74.3	71.7	71.6	71.0	73.2	74.5
PC	M	Y15-64	TR_33	67.8	67.5	66.8	70.7	74.8	76.1	74.6	76.3	75.1	75.3	75.0	75.0
PC	M	Y15-64	TR_41	70.8	71.1	65.7	66.6	70.1	70.6	70.9	71.6	71.5	70.9	71.4	71.8
PC	M	Y15-64	TR_42	68.0	68.5	66.6	67.6	70.9	71.7	72.8	72.7	74.0	72.7	72.4	74.4
PC	M	Y15-64	TR_51	66.6	65.4	62.7	65.4	68.5	69.4	70.0	70.2	72.3	71.9	71.7	71.8
PC	M	Y15-64	TR_52	70.5	73.2	73.2	73.2	73.5	73.8	73.6	74.8	74.6	75.1	75.6	75.0
PC	M	Y15-64	TR_61	75.6	75.0	71.5	73.1	75.0	75.5	74.3	74.1	73.1	72.9	71.4	72.1
PC	M	Y15-64	TR_62	65.6	63.9	62.7	66.4	70.1	69.3	67.7	68.4	70.3	68.2	68.0	67.5
PC	M	Y15-64	TR_63	62.7	63.1	62.6	65.6	66.4	67.0	64.1	63.3	62.1	63.8	68.1	66.8
PC	M	Y15-64	TR_71	66.5	63.4	61.6	66.9	69.6	69.8	70.3	69.6	71.2	71.3	71.3	72.2
PC	M	Y15-64	TR_72	65.8	64.3	62.3	64.7	68.6	70.7	70.3	69.9	70.7	72.2	71.6	68.6
PC	M	Y15-64	TR_81	65.3	68.0	70.1	64.7	69.4	70.9	71.4	70.1	69.6	68.5	68.4	69.2
PC	M	Y15-64	TR_82	71.2	71.1	68.0	72.7	76.2	71.7	67.3	72.7	72.5	76.3	77.7	77.7
PC	M	Y15-64	TR_83	71.7	72.4	70.9	69.4	71.2	68.0	69.9	68.8	69.4	71.0	71.7	74.0
PC	M	Y15-64	TR_90	68.9	73.2	72.3	69.5	69.6	67.9	67.0	69.1	69.8	69.5	70.6	70.6
PC	M	Y15-64	TR_A1	67.2	69.1	69.2	71.6	71.4	69.9	69.0	70.9	70.1	70.6	70.9	68.9
PC	M	Y15-64	TR_A2	70.0	70.3	68.8	68.7	69.7	71.5	74.7	70.5	71.8	68.9	68.5	68.1
PC	M	Y15-64	TR_B1	60.2	62.6	61.4	65.5	68.0	66.7	68.9	67.0	66.7	69.4	72.3	71.5
PC	M	Y15-64	TR_B2	62.6	59.5	59.3	60.8	65.5	65.2	64.7	62.8	61.8	57.8	62.5	59.5
PC	M	Y15-64	TR_C1	61.7	62.1	60.3	66.1	64.7	67.3	70.0	67.3	65.7	66.4	65.3	66.3
PC	M	Y15-64	TR_C2	51.4	51.1	51.2	52.5	56.2	50.5	54.7	58.2	58.5	58.8	63.2	61.7
PC	M	Y15-64	TR_C3	50.2	52.1	53.8	59.0	57.2	53.5	53.6	52.5	52.9	50.7	51.6	54.1
PC	M	Y15-64	UK_C1	72.9	71.9	68.6	70.1	68.8	69.5	69.5	71.3	70.4	74.6	74.5	75.5
PC	M	Y15-64	UK_C2	73.6	71.6	69.2	69.1	69.4	71.5	70.7	73.2	72.4	73.6	74.4	71.8
PC	M	Y15-64	UK_D1	78.4	81.1	77.6	78.0	76.0	77.0	76.8	77.6	80.0	76.7	80.0	82.7
PC	M	Y15-64	UK_D3	73.4	72.8	71.9	71.8	71.5	70.6	69.6	73.7	75.8	73.6	75.6	76.5
PC	M	Y15-64	UK_D4	76.5	75.3	73.2	75.4	72.3	73.1	72.7	72.3	75.5	76.5	78.7	77.5
PC	M	Y15-64	UK_D6	79.9	77.4	79.5	77.9	78.8	78.2	78.0	81.2	81.5	81.5	79.8	82.8
PC	M	Y15-64	UK_D7	70.6	67.2	66.6	67.0	67.9	69.2	68.5	67.5	71.3	70.7	73.6	75.7
PC	M	Y15-64	UK_E1	76.7	76.5	73.9	71.5	72.9	72.5	75.4	76.1	74.6	76.8	77.9	77.9
PC	M	Y15-64	UK_E2	79.2	81.1	77.0	76.3	76.9	78.8	78.1	80.5	81.8	82.3	79.2	80.9
PC	M	Y15-64	UK_E3	72.3	72.1	66.3	67.7	70.2	71.2	73.9	74.5	71.2	71.3	74.1	75.7
PC	M	Y15-64	UK_E4	76.5	76.4	74.7	71.1	68.6	72.0	72.4	74.8	74.8	75.4	76.9	77.0
PC	M	Y15-64	UK_F1	76.5	77.5	75.0	71.9	73.9	73.9	72.8	74.6	76.8	78.7	78.6	77.3
PC	M	Y15-64	UK_F2	80.9	79.0	78.5	76.8	77.7	77.2	77.4	80.8	79.6	78.7	78.9	80.1
PC	M	Y15-64	UK_F3	79.3	81.5	77.3	77.9	79.7	75.1	78.8	78.4	80.6	79.9	80.3	80.0
PC	M	Y15-64	UK_G1	82.3	81.6	77.9	78.0	77.1	80.6	80.8	81.3	81.6	82.3	82.0	82.0
PC	M	Y15-64	UK_G2	77.5	79.4	76.9	75.1	74.8	77.0	76.0	77.8	79.8	81.8	80.0	80.2
PC	M	Y15-64	UK_G3	72.5	70.3	66.6	69.1	68.1	69.0	68.7	69.6	70.2	72.8	71.6	74.7
PC	M	Y15-64	UK_H1	81.2	81.0	80.0	77.0	78.3	79.0	79.1	80.4	80.0	80.8	80.7	80.6
PC	M	Y15-64	UK_H2	81.3	81.1	79.6	80.5	78.8	78.9	80.7	81.6	83.3	82.8	80.9	82.8
PC	M	Y15-64	UK_H3	82.3	79.9	79.3	78.2	79.4	78.3	79.6	79.5	82.3	82.0	80.5	84.2
PC	M	Y15-64	UK_I1	72.6	74.5	71.9									
PC	M	Y15-64	UK_I2	78.0	78.7	75.7									
PC	M	Y15-64	UK_I3				72.3	74.9	76.2	75.7	78.3	76.6	81.4	78.7	76.9
PC	M	Y15-64	UK_I4				71.7	69.7	72.1	74.4	76.2	77.0	77.4	79.5	80.2
PC	M	Y15-64	UK_I5				73.5	74.2	74.2	74.8	77.8	79.0	79.5	78.3	80.1
PC	M	Y15-64	UK_I6				78.9	74.8	74.6	78.3	81.8	82.7	83.7	82.5	82.4
PC	M	Y15-64	UK_I7				74.7	74.3	75.9	78.1	80.0	77.9	79.7	79.5	80.8
PC	M	Y15-64	UK_J1	83.9	84.5	80.7	80.6	81.8	81.7	82.0	82.8	83.4	85.3	85.2	84.6
PC	M	Y15-64	UK_J2	82.4	81.0	79.9	82.4	79.5	80.5	80.4	80.0	79.4	82.6	83.3	80.6
PC	M	Y15-64	UK_J3	81.2	83.1	80.5	77.3	77.8	78.2	79.9	80.3	80.7	81.6	81.2	81.3
PC	M	Y15-64	UK_J4	79.3	80.3	77.4	75.5	76.0	75.9	76.1	77.7	81.0	80.2	80.7	78.9
PC	M	Y15-64	UK_K1	83.0	81.7	79.1	80.1	78.2	79.0	78.6	80.7	82.4	82.6	83.0	83.4
PC	M	Y15-64	UK_K2	81.0	81.5	74.3	79.0	78.2	80.4	80.3	79.8	81.6	79.5	79.3	80.0
PC	M	Y15-64	UK_K3	74.2	77.2	75.7	74.5	74.2	72.4	71.8	76.1	79.8	80.6	82.3	78.1
PC	M	Y15-64	UK_K4	76.4	78.9	75.4	73.7	76.5	77.3	73.4	76.7	79.7	77.7	81.0	81.9
PC	M	Y15-64	UK_L1	72.7	70.3	67.5	67.5	69.0	70.8	71.8	70.5	72.4	75.0	74.9	76.6
PC	M	Y15-64	UK_L2	77.8	77.7	75.9	75.9	74.4	74.1	75.4	74.5	73.5	74.8	77.4	80.1
PC	M	Y15-64	UK_M2	79.4	79.8	76.0	73.6	73.1	76.0						
PC	M	Y15-64	UK_M3	75.1	73.7	70.5	68.2	71.3	70.2						
PC	M	Y15-64	UK_M5	84.0	83.0	87.2	83.8	80.8	85.2	83.2	83.3	83.7	80.2	81.8	84.2
PC	M	Y15-64	UK_M6	83.7	84.1	85.1	76.4	76.1	73.1	80.6	82.7	83.1	82.2	82.9	80.2
PC	M	Y15-64	UK_M7							74.8	75.4	76.2	75.2	76.8	79.9
PC	M	Y15-64	UK_M8							70.1	70.0	71.5	74.9	74.6	74.3
PC	M	Y15-64	UK_M9							75.2	78.4	76.6	73.1	77.0	78.5
PC	M	Y15-64	UK_N0	73.4	72.6	68.8	69.7	70.3	69.8	69.5	70.9	72.1	72.5	71.3	72.1
PC	T	Y15-64	AT_11	71.2	71.3	70.8	71.0	70.3	70.4	69.9	69.8	69.6	69.8	71.1	71.8
PC	T	Y15-64	AT_12	71.5	72.5	71.7	72.1	72.4	72.6	72.4	72.8	73.1	73.1	74.3	74.4
PC	T	Y15-64	AT_13	64.5	65.4	65.2	65.9	65.9	65.9	66.0	64.7	64.6	64.9	65.3	66.8
PC	T	Y15-64	AT_21	67.4	68.7	68.2	68.5	68.7	69.0	69.4	69.2	69.0	69.9	70.5	71.8
PC	T	Y15-64	AT_22	70.0	70.9	70.0	70.6	71.4	71.0	71.1	70.7	70.8	71.4	72.2	73.2
PC	T	Y15-64	AT_31	72.8	74.1	73.4	73.9	74.3	74.9	74.4	74.9	74.8	75.5	75.8	76.2
PC	T	Y15-64	AT_32	72.4	72.8	73.1	73.3	74.1	75.2	75.4	73.7	74.1	75.1	75.6	77.0
PC	T	Y15-64	AT_33	72.0	72.4	72.8	72.7	72.9	74.2	74.8	74.2	74.3	74.3	74.8	76.0
PC	T	Y15-64	AT_34	71.8	72.2	72.0	72.2	73.0	73.8	74.1	74.8	75.1	76.7	76.3	76.8
PC	T	Y15-64	BE_10	54.8	55.6	55.1	54.8	53.8	54.0	52.5	54.3	54.2	55.3	56.2	56.8
PC	T	Y15-64	BE_21	64.9	65.2	63.8	64.6	63.8	64.0	64.0	64.1	64.8	63.9	65.5	67.7
PC	T	Y15-64	BE_22	62.9	63.8	64.0	64.4	65.1	64.0	64.1	64.1	63.8	64.8	67.1	67.8
PC	T	Y15-64	BE_23	66.9	68.6	67.9	67.7	67.4	67.5	68.5	68.3	67.6	68.3	68.1	70.4
PC	T	Y15-64	BE_24	67.9	67.6	67.3	67.4	68.0	67.6	67.2	67.6	67.5	67.6	67.9	69.6
PC	T	Y15-64	BE_25	67.7	66.8	66.1	67.4	67.4	66.6	67.3	67.9	68.1	68.6	70.0	71.6
PC	T	Y15-64	BE_31	62.7	63.2	61.5	61.9	62.0	62.6	62.9	62.4	62.8	62.9	64.5	64.3
PC	T	Y15-64	BE_32	53.8	54.1	52.4	53.2	53.8	54.0	53.8	52.7	53.0	54.7	54.3	54.7
PC	T	Y15-64	BE_33	56.4	57.1	56.7	56.5	57.0	56.9	57.0	55.6	55.8	56.1	56.1	57.9
PC	T	Y15-64	BE_34	61.6	61.4	61.1	62.7	62.1	62.7	63.3	62.4	61.3	62.2	64.4	64.5
PC	T	Y15-64	BE_35	60.2	58.9	58.6	59.4	58.7	59.8	57.7	60.7	57.6	58.4	60.9	61.0
PC	T	Y15-64	BG_31	57.1	59.3	57.5	54.9	53.6	53.6	54.6	55.0	56.1	54.8	57.9	58.8
PC	T	Y15-64	BG_32	57.0	58.6	57.9	55.3	54.9	55.5	55.5	57.4	60.4	61.5	63.7	64.6
PC	T	Y15-64	BG_33	59.8	62.0	59.2	56.8	55.8	55.0	56.5	59.8	63.1	62.9	65.4	65.4
PC	T	Y15-64	BG_34	59.7	62.3	61.2	59.1	57.7	58.5	57.5	58.0	60.6	62.3	65.7	66.8
PC	T	Y15-64	BG_41	68.5	71.0	70.4	66.7	65.0	65.1	65.0	66.1	68.0	68.7	72.1	73.8
PC	T	Y15-64	BG_42	60.5	62.4	60.5	57.4	55.5	56.9	59.4	61.5	61.6	61.9	67.0	66.8
PC	T	Y15-64	CH_01	75.4	75.6	75.1	71.7	72.7	72.6	72.4	72.3	72.9	73.2	73.0	74.2
PC	T	Y15-64	CH_02	78.5	80.5	79.9	78.5	79.8	80.0	79.7	80.4	80.8	81.1	81.9	81.7
PC	T	Y15-64	CH_03	79.3	80.0	79.4	77.6	78.8	78.8	79.1	78.4	79.2	79.7	80.1	80.0
PC	T	Y15-64	CH_04	81.0	81.6	81.1	79.5	80.2	80.7	80.4	81.2	81.7	82.2	81.5	82.0
PC	T	Y15-64	CH_05	80.2	81.3	81.0	79.6	80.6	80.9	80.6	81.7	81.5	81.8	82.4	83.0
PC	T	Y15-64	CH_06	81.2	81.6	81.1	80.3	81.6	82.1	82.9	83.1	83.4	84.2	83.5	84.0
PC	T	Y15-64	CH_07	69.4	70.0	70.0	70.8	71.4	69.8	69.4	69.3	70.8	71.9	73.6	71.9
PC	T	Y15-64	CY_00	71.0	70.9	69.0	68.9	67.6	64.6	61.7	62.1	62.7	63.7	65.6	68.6
PC	T	Y15-64	CZ_01	71.6	71.5	71.7	71.5	71.5	72.7	73.7	74.8	74.2	76.0	78.2	79.6
PC	T	Y15-64	CZ_02	68.2	68.9	67.8	67.5	68.1	69.6	70.0	70.7	72.6	73.1	75.0	76.2
PC	T	Y15-64	CZ_03	68.4	68.9	67.1	66.5	67.8	68.1	69.0	70.1	71.8	72.9	74.3	75.2
PC	T	Y15-64	CZ_04	62.0	62.8	61.5	61.6	62.8	62.1	64.4	65.5	66.6	69.5	71.2	71.8
PC	T	Y15-64	CZ_05	66.0	66.0	64.1	64.5	65.1	65.5	66.7	68.7	70.3	72.1	73.2	74.1
PC	T	Y15-64	CZ_06	65.9	65.9	64.7	64.9	64.9	65.8	68.2	69.2	70.4	72.1	73.3	74.4
PC	T	Y15-64	CZ_07	65.4	65.5	64.1	62.1	63.7	65.4	65.7	67.0	69.2	70.5	72.3	74.2
PC	T	Y15-64	CZ_08	61.4	63.2	62.1	61.2	62.2	63.1	63.9	65.2	66.1	69.2	71.4	72.8
PC	T	Y15-64	DE_11	73.2	74.2	73.6	73.8	75.4	75.6	76.0	76.9	77.2	78.0	78.3	79.1
PC	T	Y15-64	DE_12	72.1	73.2	71.8	72.4	73.8	74.3	75.3	74.8	75.0	76.0	75.6	77.0
PC	T	Y15-64	DE_13	74.5	74.9	75.2	75.9	77.5	77.8	78.4	78.2	77.9	78.0	78.4	79.2
PC	T	Y15-64	DE_14	73.2	74.2	73.7	74.9	76.7	76.5	77.7	77.4	77.9	78.6	79.1	79.0
PC	T	Y15-64	DE_21	73.9	74.9	75.1	75.7	77.1	77.6	78.6	78.9	78.8	79.6	80.2	80.3
PC	T	Y15-64	DE_22	74.1	74.2	73.7	75.5	76.4	76.3	76.9	77.5	77.8	78.8	79.2	79.1
PC	T	Y15-64	DE_23	73.0	75.0	74.0	73.7	75.1	75.0	75.9	77.6	77.1	76.4	77.7	79.0
PC	T	Y15-64	DE_24	70.4	72.1	71.3	72.1	75.0	75.9	76.3	76.8	76.5	77.0	77.3	78.3
PC	T	Y15-64	DE_25	71.2	73.5	73.1	73.8	75.9	76.4	76.2	76.6	76.6	76.3	77.2	77.8
PC	T	Y15-64	DE_26	71.7	73.4	72.0	73.6	75.1	75.5	76.3	76.4	76.6	77.0	76.9	78.6
PC	T	Y15-64	DE_27	72.6	74.3	74.2	75.8	76.1	76.9	77.2	77.4	77.6	78.7	79.0	78.8
PC	T	Y15-64	DE_30	62.1	62.6	64.9	66.1	67.3	68.4	68.6	69.0	69.0	71.6	72.8	74.3
PC	T	Y15-64	DE_40	68.8	70.8	71.8	73.2	74.3	74.1	74.8	74.7	75.2	76.8	76.8	77.2
PC	T	Y15-64	DE_50	64.2	64.4	64.3	66.1	67.1	68.3	67.5	68.2	67.9	71.1	71.7	71.4
PC	T	Y15-64	DE_60	69.4	70.3	71.1	71.7	73.5	73.5	73.8	74.7	75.1	75.5	76.4	76.4
PC	T	Y15-64	DE_71	69.9	71.2	71.4	71.9	73.4	73.6	74.0	72.9	73.8	74.1	74.9	75.3
PC	T	Y15-64	DE_72	68.9	69.6	70.0	69.9	71.9	71.6	72.5	72.8	72.2	73.3	73.5	73.0
PC	T	Y15-64	DE_73	68.2	68.6	69.7	70.7	73.3	73.1	73.8	73.4	74.2	75.3	75.9	76.3
PC	T	Y15-64	DE_80	65.3	68.0	69.2	70.7	71.4	70.5	70.5	71.1	71.7	72.5	73.5	73.2
PC	T	Y15-64	DE_91	66.2	66.4	67.3	68.7	70.7	70.3	70.0	70.5	71.5	71.3	72.3	73.5
PC	T	Y15-64	DE_92	68.0	68.6	68.5	69.3	70.5	72.5	73.1	73.2	72.6	72.1	72.7	73.9
PC	T	Y15-64	DE_93	69.2	70.0	71.8	72.7	74.2	73.9	74.8	75.7	76.1	75.6	76.4	77.6
PC	T	Y15-64	DE_94	68.1	68.9	69.8	71.0	72.9	73.0	74.4	74.1	73.8	74.5	75.6	76.1
PC	T	Y15-64	DE_A1	66.4	67.3	67.3	67.6	69.2	69.2	69.3	69.8	69.7	70.3	71.5	71.9
PC	T	Y15-64	DE_A2	66.8	67.5	67.8	68.2	69.3	69.6	69.6	70.5	70.9	72.4	72.6	72.4
PC	T	Y15-64	DE_A3	66.9	67.7	67.6	68.6	70.3	70.5	70.1	70.8	71.9	71.8	71.8	73.8
PC	T	Y15-64	DE_A4	68.7	69.8	69.0	69.4	71.3	72.5	72.9	72.7	73.1	73.8	74.1	75.1
PC	T	Y15-64	DE_A5	64.5	66.1	65.9	66.5	68.6	68.7	69.2	70.1	69.9	69.9	70.7	72.2
PC	T	Y15-64	DE_B1	71.7	71.6	71.2	72.9	73.8	73.5	74.2	74.1	74.5	75.2	75.2	76.9
PC	T	Y15-64	DE_B2	72.6	74.6	74.1	75.6	74.8	75.6	75.8	77.6	76.7	76.9	77.9	78.6
PC	T	Y15-64	DE_B3	70.2	70.7	70.4	70.8	71.6	72.6	73.2	73.3	73.2	73.5	73.7	73.9
PC	T	Y15-64	DE_C0	66.2	67.3	66.5	67.4	68.4	69.0	69.9	70.2	70.7	71.9	72.6	73.5
PC	T	Y15-64	DE_D2	68.2	70.1	71.1	72.9	74.6	74.5	74.7	74.7	75.8	77.3	78.0	78.1
PC	T	Y15-64	DE_D4	67.9	69.8	70.2	71.8	73.6	73.9	75.2	76.2	75.8	76.8	77.8	78.6
PC	T	Y15-64	DE_D5	65.0	68.2	69.4	71.0	72.2	72.3	73.3	73.4	73.7	74.9	76.3	77.3
PC	T	Y15-64	DE_E0	65.9	67.7	69.1	71.3	72.9	72.4	73.3	72.9	73.6	73.7	73.9	75.0
PC	T	Y15-64	DE_F0	69.8	70.8	70.6	71.3	72.7	73.5	73.7	74.2	74.7	74.1	75.1	75.6
PC	T	Y15-64	DE_G0	67.9	70.2	71.2	73.6	74.9	74.7	75.5	75.5	74.2	75.8	76.6	77.1
PC	T	Y15-64	DK_01	78.1	79.5	77.0	75.0	74.2	73.9	74.4	74.5	75.3	77.1	76.2	76.9
PC	T	Y15-64	DK_02	77.2	76.5	74.8	73.3	73.1	72.0	71.6	72.3	72.5	73.2	73.3	73.8
PC	T	Y15-64	DK_03	76.2	76.6	73.6	71.5	72.1	71.6	70.7	70.9	72.4	73.1	72.7	74.3
PC	T	Y15-64	DK_04	77.2	78.5	75.8	73.5	73.5	72.6	72.6	72.6	73.4	75.3	73.9	75.9
PC	T	Y15-64	DK_05	74.9	76.1	73.7	71.6	71.4	71.5	71.6	72.5	71.7	72.9	72.8	73.5
PC	T	Y15-64	EE_00	69.8	70.1	63.8	61.2	65.3	67.1	68.5	69.6	71.9	72.1	74.1	74.8
PC	T	Y15-64	EL_30	61.7	62.8	62.1	59.8	56.0	51.3	49.2	50.0	51.0	52.8	53.7	54.7
PC	T	Y15-64	EL_41	57.9	56.6	56.6	57.4	53.2	51.9	51.1	49.2	51.3	54.3	56.4	56.6
PC	T	Y15-64	EL_42	60.0	60.7	60.8	58.6	57.1	56.0	53.4	54.5	57.9	57.7	58.0	59.3
PC	T	Y15-64	EL_43	65.0	64.1	63.5	61.7	58.8	53.7	52.0	52.5	51.6	53.6	56.9	60.1
PC	T	Y15-64	EL_51	60.7	60.3	59.6	57.9	52.4	50.1	47.7	49.8	50.8	51.9	53.6	55.8
PC	T	Y15-64	EL_52	59.2	59.2	58.1	56.4	52.0	47.8	45.2	46.3	49.4	51.0	51.7	53.3
PC	T	Y15-64	EL_53	55.4	56.5	57.7	55.1	50.1	44.8	43.2	46.4	45.7	46.3	47.9	49.6
PC	T	Y15-64	EL_54	59.0	59.9	59.7	59.0	54.4	51.3	48.1	48.3	49.0	50.1	50.0	52.8
PC	T	Y15-64	EL_61	60.9	61.3	61.5	59.9	55.4	51.8	49.6	49.0	49.2	50.2	53.8	54.4
PC	T	Y15-64	EL_62	61.3	65.4	65.4	61.6	60.3	59.9	57.1	54.4	55.7	57.7	55.3	59.9
PC	T	Y15-64	EL_63	56.9	57.1	57.6	57.3	53.0	47.8	46.1	46.1	47.7	47.1	49.4	50.1
PC	T	Y15-64	EL_64	61.1	60.7	59.1	59.1	55.0	48.0	48.2	49.0	51.1	50.8	53.6	54.7
PC	T	Y15-64	EL_65	65.7	66.5	66.3	64.3	60.4	56.0	54.7	54.4	55.1	56.3	59.3	60.5
PC	T	Y15-64	ES_11	64.2	64.6	62.2	59.9	59.5	57.7	56.1	56.3	57.9	59.8	60.9	62.6
PC	T	Y15-64	ES_12	59.8	62.0	58.3	56.8	55.6	53.5	52.4	54.4	55.0	57.3	59.3	59.4
PC	T	Y15-64	ES_13	66.0	65.7	62.0	60.1	59.7	58.3	56.3	57.6	58.9	61.4	62.6	63.5
PC	T	Y15-64	ES_21	67.4	67.9	64.2	65.3	65.5	62.6	61.6	61.8	62.9	65.1	65.4	66.7
PC	T	Y15-64	ES_22	71.2	69.7	66.6	65.9	65.5	62.5	61.1	63.2	63.7	64.4	67.0	67.1
PC	T	Y15-64	ES_23	68.9	68.7	65.2	63.7	62.4	59.7	59.9	62.5	64.2	65.4	66.4	67.9
PC	T	Y15-64	ES_24	71.1	69.9	65.3	63.0	62.1	62.1	59.3	60.4	63.0	65.0	66.8	67.9
PC	T	Y15-64	ES_30	71.4	70.1	66.7	65.7	64.9	63.4	62.5	63.1	65.3	65.6	66.9	67.8
PC	T	Y15-64	ES_41	64.9	64.1	61.1	60.6	60.3	58.5	56.9	58.0	59.6	61.9	63.2	64.7
PC	T	Y15-64	ES_42	64.5	62.4	57.9	56.3	55.9	51.9	51.2	51.8	53.5	55.5	58.0	59.7
PC	T	Y15-64	ES_43	57.5	56.5	53.2	52.5	51.0	46.4	46.6	48.9	49.4	50.7	51.3	53.7
PC	T	Y15-64	ES_51	71.5	70.3	64.2	63.7	63.0	60.1	59.8	61.9	63.1	65.5	66.9	67.9
PC	T	Y15-64	ES_52	65.9	64.7	58.4	56.6	55.7	53.5	53.1	54.6	57.1	59.2	61.0	62.4
PC	T	Y15-64	ES_53	69.6	68.0	63.1	62.0	60.1	60.5	60.9	61.8	64.5	67.0	67.2	68.0
PC	T	Y15-64	ES_61	58.2	56.0	51.6	50.4	48.9	46.6	45.3	46.4	48.8	50.0	52.1	53.6
PC	T	Y15-64	ES_62	65.6	63.0	57.4	56.4	54.6	52.9	51.7	53.7	53.8	57.1	58.8	59.5
PC	T	Y15-64	ES_63	46.9	51.6	51.8	47.4	46.3	43.0	45.1	44.5	46.3	48.9	50.3	49.2
PC	T	Y15-64	ES_64	52.3	50.1	46.3	47.9	49.6	45.6	43.8	45.6	42.5	45.2	47.4	50.7
PC	T	Y15-64	ES_70	62.3	57.6	52.7	51.1	51.7	49.5	48.5	49.0	51.9	53.6	55.0	57.4
PC	T	Y15-64	FI_19	70.3	70.3	67.8	67.2	68.1	68.5	68.1	68.4	67.9	68.3	69.1	71.7
PC	T	Y15-64	FI_1B	75.7	76.5	74.3	73.5	74.3	74.1	73.4	73.0	72.7	73.2	73.3	74.7
PC	T	Y15-64	FI_1C	69.9	70.7	68.0	66.7	67.4	68.8	67.0	66.4	66.7	67.3	68.5	71.4
PC	T	Y15-64	FI_1D	63.9	65.4	63.1	63.5	64.5	64.5	65.3	65.2	65.0	65.7	67.2	69.1
PC	T	Y15-64	FI_Y20	79.5	82.5	77.9	78.0	78.5	80.7	78.7	81.8	81.8	81.8	83.0	81.8
PC	T	Y15-64	FR_10	66.7	67.6	66.6	65.5	65.7	66.3	66.5	66.2	66.2	66.6	67.2	67.8
PC	T	Y15-64	FR_B0	66.9	67.0	66.6	67.1	64.8	64.2	63.8	63.8	63.0	64.0	65.7	66.2
PC	T	Y15-64	FR_C1	64.7	65.4	65.6	63.9	64.3	64.1	63.4	63.3	64.3	63.7	64.8	67.8
PC	T	Y15-64	FR_C2	65.3	65.9	64.1	65.0	65.7	65.2	64.1	63.5	65.3	68.0	68.1	68.0
PC	T	Y15-64	FR_D1	64.7	68.2	67.8	63.1	62.2	65.2	64.4	64.8	65.0	64.8	65.1	67.8
PC	T	Y15-64	FR_D2	62.6	62.9	62.2	61.0	63.5	61.9	61.1	61.5	63.1	62.4	62.5	62.9
PC	T	Y15-64	FR_E1	57.7	57.5	56.1	57.1	57.7	58.0	57.4	57.4	56.9	57.6	57.8	57.6
PC	T	Y15-64	FR_E2	63.2	65.5	62.1	61.0	63.8	61.4	59.5	60.4	61.8	61.2	64.5	63.1
PC	T	Y15-64	FR_F1	66.8	68.5	66.5	67.4	67.1	65.8	66.0	64.9	67.0	65.9	64.9	68.1
PC	T	Y15-64	FR_F2	64.4	63.8	63.1	63.1	60.6	61.6	60.6	61.4	59.5	59.9	62.2	63.0
PC	T	Y15-64	FR_F3	63.8	63.3	61.6	64.1	62.8	61.3	60.2	61.5	61.1	61.5	63.0	62.8
PC	T	Y15-64	FR_G0	67.2	65.4	66.0	66.7	65.4	67.2	66.6	67.5	67.7	67.7	68.6	67.3
PC	T	Y15-64	FR_H0	64.8	65.8	66.3	64.5	64.5	65.3	67.1	67.1	67.8	66.3	66.5	67.0
PC	T	Y15-64	FR_I1	65.8	65.4	64.9	65.4	63.7	63.8	64.6	64.6	65.8	65.0	65.1	66.5
PC	T	Y15-64	FR_I2	65.6	67.7	67.0	65.5	65.8	66.5	67.4	66.6	67.4	70.1	69.9	67.7
PC	T	Y15-64	FR_I3	65.0	66.5	65.3	65.2	64.8	65.9	65.8	64.2	65.3	65.2	65.0	66.2
PC	T	Y15-64	FR_J1	58.5	58.3	56.3	56.0	57.8	55.2	56.7	58.6	58.7	59.2	60.0	59.9
PC	T	Y15-64	FR_J2	66.0	67.5	66.1	68.0	67.1	66.4	67.4	66.0	65.3	65.8	66.6	68.2
PC	T	Y15-64	FR_K1	63.5	66.0	66.1	64.7	64.5	63.9	64.5	64.6	65.0	67.3	64.3	68.0
PC	T	Y15-64	FR_K2	65.8	65.4	64.6	65.7	65.4	66.2	66.5	66.1	66.6	67.8	68.6	69.3
PC	T	Y15-64	FR_L0	60.1	61.4	61.7	61.6	61.7	62.2	62.0	63.4	61.9	62.6	62.8	63.5
PC	T	Y15-64	FR_M0	52.8	56.5	57.0	60.9	64.2	60.2	58.2	58.5	56.5	64.0	67.1	68.7
PC	T	Y15-64	FR_Y1	50.0	49.6	47.9	48.3	49.1	48.7	48.5	48.2	48.2	47.8	49.5	47.8
PC	T	Y15-64	FR_Y2	49.2	48.3	49.3	49.7	51.5	51.3	51.8	52.6	53.0	54.0	53.7	54.2
PC	T	Y15-64	FR_Y3	44.9	43.8	46.6	45.4	44.7	45.4	45.7	46.5	45.2	43.7	42.9	44.3
PC	T	Y15-64	FR_Y4	45.2	45.8	44.8	44.0	43.3	43.8	44.5	46.1	47.6	48.1	47.4	45.9
PC	T	Y15-64	FR_Y5							34.1	34.3	35.5	35.2	35.5	33.3
PC	T	Y15-64	HR_03	57.9	58.1	57.5	56.4	53.7	52.7	51.5	54.5	55.2	55.5	58.7	58.5
PC	T	Y15-64	HR_04	59.6	60.9	60.4	57.9	55.9	53.9	53.0	54.6	56.4	57.6	59.0	61.7
PC	T	Y15-64	HU_10	62.9	62.7	61.3	60.0	60.2	61.7						
PC	T	Y15-64	HU_11							64.2	67.5	69.2	72.7	74.0	73.1
PC	T	Y15-64	HU_12							60.6	63.9	65.4	68.1	69.2	70.6
PC	T	Y15-64	HU_21	61.4	59.9	57.3	57.0	59.1	59.2	60.7	64.3	67.9	68.4	70.5	70.9
PC	T	Y15-64	HU_22	62.8	61.6	59.2	58.6	59.9	61.0	61.8	65.8	67.5	68.9	71.0	73.0
PC	T	Y15-64	HU_23	51.0	50.8	51.7	52.4	51.1	51.9	54.8	58.6	60.2	62.2	63.0	64.5
PC	T	Y15-64	HU_31	50.4	49.4	48.2	48.3	48.4	49.1	51.6	55.7	59.0	61.8	63.5	65.6
PC	T	Y15-64	HU_32	50.3	49.5	48.0	49.0	49.9	51.8	53.2	57.3	58.9	62.0	64.4	65.8
PC	T	Y15-64	HU_33	54.5	54.0	52.9	54.1	54.1	55.5	56.3	59.7	62.2	65.7	67.4	68.8
PC	T	Y15-64	IE_01	70.3	67.8	61.1	58.5	57.4							
PC	T	Y15-64	IE_02	72.2	70.3	64.6	61.9	61.0							
PC	T	Y15-64	IE_04						58.1	61.3	62.3	64.0	65.5	67.0	67.4
PC	T	Y15-64	IE_05						59.6	61.5	62.2	64.1	66.2	67.2	66.9
PC	T	Y15-64	IE_06						60.8	62.1	64.1	65.4	66.9	68.2	70.2
PC	T	Y15-64	IS_00	85.1	83.6	78.3	78.2	78.5	79.7	81.1	82.9	84.7	86.6	86.1	85.1
PC	T	Y15-64	IT_C1	64.9	65.2	63.9	63.5	64.2	63.6	62.2	62.4	63.7	64.4	65.2	65.9
PC	T	Y15-64	IT_C2	68.2	67.8	66.8	67.3	66.9	66.3	65.6	66.2	66.2	66.4	67.1	67.9
PC	T	Y15-64	IT_C3	63.5	63.6	63.2	62.7	63.0	62.0	60.6	60.7	62.4	62.7	62.4	63.0
PC	T	Y15-64	IT_C4	66.7	66.9	65.7	65.0	64.6	64.5	64.8	64.9	65.1	66.2	67.3	67.7
PC	T	Y15-64	IT_F1	57.9	58.8	55.7	55.4	56.6	56.7	55.0	53.9	54.5	55.7	56.8	58.0
PC	T	Y15-64	IT_F2	53.6	54.1	52.2	51.0	50.3	50.6	47.6	48.5	49.4	51.9	51.7	53.5
PC	T	Y15-64	IT_F3	43.7	42.4	40.8	39.8	39.4	39.9	39.7	39.2	39.6	41.2	42.0	41.6
PC	T	Y15-64	IT_F4	46.6	46.6	44.9	44.3	44.7	44.9	42.3	42.1	43.3	44.3	44.5	45.5
PC	T	Y15-64	IT_F5	49.5	49.6	48.4	47.1	47.6	46.8	46.2	47.2	49.2	50.3	49.5	49.4
PC	T	Y15-64	IT_F6	44.9	44.0	43.0	42.1	42.4	41.5	38.9	39.3	38.9	39.6	40.8	42.2
PC	T	Y15-64	IT_G1	44.6	44.1	43.6	42.7	42.4	41.3	39.3	39.0	40.0	40.1	40.6	40.7
PC	T	Y15-64	IT_G2	52.8	52.3	50.8	51.0	51.7	51.7	48.3	48.6	50.1	50.3	50.5	52.7
PC	T	Y15-64	IT_H1	69.7	70.4	70.4	71.0	71.0	71.8	71.4	70.8	71.4	72.7	72.9	73.5
PC	T	Y15-64	IT_H2	66.3	66.7	66.5	65.9	65.9	65.4	65.5	65.9	66.1	66.0	67.6	68.2
PC	T	Y15-64	IT_H3	65.7	66.4	64.6	64.4	64.9	64.9	63.1	63.7	63.6	64.7	66.0	66.6
PC	T	Y15-64	IT_H4	65.4	65.2	63.5	63.6	64.2	63.6	63.0	63.1	63.7	64.7	65.7	66.3
PC	T	Y15-64	IT_H5	70.2	70.2	68.4	67.3	67.8	67.5	66.2	66.3	66.7	68.4	68.6	69.6
PC	T	Y15-64	IT_I1	64.7	65.3	64.7	63.7	63.6	63.7	63.7	63.8	64.8	65.3	66.0	66.5
PC	T	Y15-64	IT_I2	64.6	65.3	62.9	62.6	62.2	61.5	60.9	61.0	63.1	62.7	62.9	63.0
PC	T	Y15-64	IT_I3	64.8	64.7	63.6	63.7	62.4	62.6	61.1	62.4	62.1	62.2	62.2	64.7
PC	T	Y15-64	IT_I4	59.5	60.2	59.5	59.1	58.8	58.8	57.7	58.8	59.0	59.9	60.9	60.9
PC	T	Y15-64	LT_00	65.0	64.4	59.9	57.6	60.2	62.0						
PC	T	Y15-64	LT_01							68.1	70.2	70.9	74.7	76.3	78.5
PC	T	Y15-64	LT_02							62.1	64.0	65.8	67.2	68.0	69.8
PC	T	Y15-64	LU_00	64.2	63.4	65.2	65.2	64.6	65.8	65.7	66.6	66.1	65.6	66.3	67.1
PC	T	Y15-64	LV_00	68.1	68.2	60.3	58.5	60.8	63.0	65.0	66.3	68.1	68.7	70.1	71.8
PC	T	Y15-64	ME_00					45.8	47.0	47.1	50.4	51.4	52.0	53.1	54.7
PC	T	Y15-64	MK_00	40.7	41.9	43.3	43.5	43.9	44.0	46.0	46.9	47.8	49.1	50.5	51.7
PC	T	Y15-64	MT_00	55.0	55.5	55.3	56.2	57.9	59.9	62.2	63.9	65.1	67.2	69.2	71.4
PC	T	Y15-64	NL_11	68.8	69.5	68.9	70.5	70.5	70.7	69.6	67.9	69.5	69.5	69.3	71.6
PC	T	Y15-64	NL_12	72.4	74.2	74.8	72.8	73.0	73.3	72.9	72.8	73.7	74.6	75.3	76.9
PC	T	Y15-64	NL_13	71.6	73.3	73.8	72.1	71.8	73.3	72.9	72.7	73.6	73.6	75.9	76.8
PC	T	Y15-64	NL_21	74.8	76.6	76.1	75.1	75.4	74.8	74.0	73.9	75.0	74.9	76.3	77.9
PC	T	Y15-64	NL_22	75.1	75.5	75.6	74.7	74.9	74.9	75.3	74.1	74.5	74.9	76.6	77.4
PC	T	Y15-64	NL_23	73.6	76.5	75.9	74.0	74.2	73.7	72.6	70.0	72.1	73.6	74.5	77.8
PC	T	Y15-64	NL_31	75.8	77.5	77.5	77.0	77.1	77.8	76.7	75.9	76.5	77.8	78.1	79.5
PC	T	Y15-64	NL_32	73.9	75.7	75.5	74.8	75.0	75.3	74.7	74.8	75.8	77.1	77.5	78.0
PC	T	Y15-64	NL_33	72.5	73.8	73.2	72.7	72.9	72.7	72.0	71.4	72.1	72.6	73.8	75.6
PC	T	Y15-64	NL_34	72.1	73.6	74.9	74.1	73.9	75.3	74.2	75.0	76.7	77.5	76.6	78.6
PC	T	Y15-64	NL_41	74.7	76.7	75.7	75.2	75.3	75.7	74.5	74.2	75.5	76.6	77.9	79.0
PC	T	Y15-64	NL_42	70.4	71.3	71.3	70.0	71.0	72.1	70.1	69.9	71.8	72.4	73.6	75.0
PC	T	Y15-64	NO_01	78.8	79.8	77.7	76.8	77.4	77.2	76.4	76.9	76.4	76.3	75.8	76.5
PC	T	Y15-64	NO_02	74.5	74.7	74.7	73.2	72.4	73.0	73.1	73.9	73.8	73.7	74.5	73.6
PC	T	Y15-64	NO_03	74.5	76.3	74.3	74.0	73.2	74.1	73.1	72.0	72.2	71.2	71.1	72.2
PC	T	Y15-64	NO_04	77.6	78.5	77.0	75.7	76.0	76.7	77.7	76.8	74.4	73.6	72.6	73.7
PC	T	Y15-64	NO_05	78.7	79.9	78.8	76.8	76.8	77.3	76.2	76.3	76.2	75.1	74.8	75.9
PC	T	Y15-64	NO_06	76.5	77.5	76.0	74.8	73.9	74.8	76.4	75.2	75.4	75.8	75.8	75.5
PC	T	Y15-64	NO_07	74.2	75.5	73.8	73.1	73.6	73.9	73.4	73.7	73.5	73.9	73.7	75.5
PC	T	Y15-64	PL_21	58.1	61.0	60.1	59.3	59.5	59.1	59.5	60.9	62.2	64.6	65.9	66.9
PC	T	Y15-64	PL_22	54.1	56.3	57.5	56.8	57.5	57.6	58.0	59.4	59.9	62.6	64.3	65.0
PC	T	Y15-64	PL_41	57.6	60.2	60.2	60.5	60.4	61.0	62.2	63.6	65.4	66.6	69.2	70.1
PC	T	Y15-64	PL_42	51.9	54.2	54.9	53.4	53.9	55.9	57.1	58.7	59.9	60.5	63.1	65.9
PC	T	Y15-64	PL_43	55.6	56.8	56.1	56.9	57.4	57.2	58.1	59.7	61.9	64.0	65.3	66.0
PC	T	Y15-64	PL_51	55.0	56.8	57.9	57.5	57.4	57.6	58.2	61.3	63.3	65.6	66.3	68.1
PC	T	Y15-64	PL_52	56.0	57.3	57.9	58.3	58.8	59.7	59.6	61.2	62.9	64.6	66.8	68.6
PC	T	Y15-64	PL_61	53.8	55.6	56.8	56.6	56.7	58.2	58.2	59.6	60.9	62.1	63.5	65.4
PC	T	Y15-64	PL_62	54.4	55.8	56.1	55.6	54.6	53.6	54.5	55.6	56.9	58.7	60.8	61.9
PC	T	Y15-64	PL_63	56.3	58.7	58.1	58.8	58.8	59.3	59.2	60.7	63.8	65.6	67.7	68.6
PC	T	Y15-64	PL_71	59.0	61.3	60.6	61.0	61.8	61.0	61.6	64.4	64.7	66.6	68.8	70.0
PC	T	Y15-64	PL_72	58.3	60.8	59.3	58.8	58.4	59.1	58.1	59.2	61.1	62.2	63.5	63.5
PC	T	Y15-64	PL_81	59.8	59.0	58.6	59.0	59.7	60.2	60.6	61.0	61.4	62.4	63.4	64.9
PC	T	Y15-64	PL_82	56.5	57.8	58.0	57.4	56.8	57.0	56.7	56.3	57.4	61.2	62.9	63.1
PC	T	Y15-64	PL_84	59.2	61.7	61.7	58.9	60.4	61.6	61.4	62.4	64.1	65.1	66.1	67.9
PC	T	Y15-64	PL_91							70.0	72.7	74.0	74.4	75.5	78.6
PC	T	Y15-64	PL_92							60.6	63.1	63.2	63.3	64.5	64.5
PC	T	Y15-64	PT_11	65.9	66.2	63.8	62.9	62.9	60.4	58.7	60.5	61.4	62.9	66.1	68.3
PC	T	Y15-64	PT_15	69.5	69.3	67.9	65.3	64.2	62.0	61.9	65.0	65.6	68.4	71.7	72.2
PC	T	Y15-64	PT_16	71.6	71.8	69.7	69.8	65.7	64.3	64.8	65.3	66.9	67.5	69.1	70.9
PC	T	Y15-64	PT_17	67.0	68.3	66.3	64.9	63.8	61.2	60.4	63.8	65.7	67.1	69.3	71.3
PC	T	Y15-64	PT_18	67.4	65.7	65.3	65.4	64.2	61.1	60.9	62.9	63.4	64.4	67.9	69.3
PC	T	Y15-64	PT_Y20	63.1	64.7	64.5	63.2	60.6	57.1	55.7	57.0	59.7	61.0	63.1	64.1
PC	T	Y15-64	PT_30	65.7	66.5	65.5	65.7	61.7	57.8	56.6	58.3	59.1	60.7	63.3	65.3
PC	T	Y15-64	RO_11	57.0	56.4	55.2	59.8	60.1	62.3	62.9	63.8	63.4	64.0	66.3	67.0
PC	T	Y15-64	RO_12	55.1	56.6	55.1	54.1	52.8	53.6	54.2	54.8	56.7	58.4	60.8	59.0
PC	T	Y15-64	RO_21	61.3	60.5	60.6	64.6	64.9	65.7	65.9	66.8	69.9	69.0	69.9	71.8
PC	T	Y15-64	RO_22	54.7	55.3	55.4	57.1	55.2	55.9	54.9	54.4	57.5	56.5	57.6	59.1
PC	T	Y15-64	RO_31	60.5	61.1	60.1	61.0	56.4	58.1	59.4	60.5	59.7	59.9	62.8	64.0
PC	T	Y15-64	RO_32	62.4	63.3	63.8	64.1	64.4	63.8	62.6	64.5	66.2	67.8	70.0	71.3
PC	T	Y15-64	RO_41	59.3	60.0	59.9	60.8	61.6	62.3	60.2	62.1	56.2	55.7	61.0	62.5
PC	T	Y15-64	RO_42	59.6	59.3	58.6	58.3	58.1	58.4	58.6	59.4	57.7	57.2	58.9	59.7
PC	T	Y15-64	RS_11							50.8	53.0	53.1	56.9	60.3	62.9
PC	T	Y15-64	RS_12							45.8	50.6	51.8	54.4	57.2	59.1
PC	T	Y15-64	RS_21							47.2	52.1	53.2	55.8	57.3	58.1
PC	T	Y15-64	RS_22							46.9	47.1	49.9	53.3	54.2	54.6
PC	T	Y15-64	SE_11	76.0	77.0	76.0	75.5	76.6	76.7	77.5	77.5	77.9	78.5	79.2	80.4
PC	T	Y15-64	SE_12	72.0	72.4	70.7	70.0	71.3	71.6	72.0	73.0	73.6	74.3	74.6	75.1
PC	T	Y15-64	SE_21	77.2	77.4	73.3	72.4	74.6	74.8	75.2	76.0	76.9	76.8	78.3	78.3
PC	T	Y15-64	SE_22	72.3	73.1	71.1	71.6	71.6	71.4	72.2	72.2	73.4	73.8	73.9	74.3
PC	T	Y15-64	SE_23	74.7	74.5	71.7	72.3	74.2	74.6	74.8	75.9	76.8	77.0	77.9	78.6
PC	T	Y15-64	SE_31	73.0	72.2	69.7	70.6	72.0	72.8	73.3	72.2	72.8	74.3	75.5	76.6
PC	T	Y15-64	SE_32	74.9	72.5	70.6	70.0	72.5	72.8	74.6	75.8	75.0	76.0	77.1	77.7
PC	T	Y15-64	SE_33	73.7	72.1	70.1	69.2	72.4	72.1	73.5	74.3	74.5	77.2	77.0	77.6
PC	T	Y15-64	SI_01	66.4	67.1	66.4									
PC	T	Y15-64	SI_02	69.4	70.2	68.8									
PC	T	Y15-64	SI_03				65.0	62.9	62.9	61.3	62.5	63.6	64.3	68.5	69.8
PC	T	Y15-64	SI_04				67.6	66.2	65.5	65.5	65.5	67.0	67.5	70.1	72.7
PC	T	Y15-64	SK_01	71.0	72.1	71.2	68.5	70.3	71.6	70.6	70.9	71.5	74.9	75.2	76.2
PC	T	Y15-64	SK_02	63.6	65.5	62.2	61.1	61.8	61.9	61.8	63.2	64.7	67.3	68.9	69.4
PC	T	Y15-64	SK_03	57.7	59.4	57.0	56.3	57.6	58.0	58.1	58.8	62.1	63.8	65.1	66.8
PC	T	Y15-64	SK_04	55.5	56.7	55.9	54.1	53.7	54.0	55.0	56.4	57.6	59.1	60.5	62.7
PC	T	Y15-64	TR_10	43.9	44.2	41.5	43.9	46.3	48.5	49.4	49.7	50.8	52.2	53.3	54.2
PC	T	Y15-64	TR_21	52.3	51.7	51.3	53.6	54.8	55.2	56.3	57.5	59.1	59.9	59.7	61.4
PC	T	Y15-64	TR_22	53.5	49.0	50.1	50.3	51.3	51.6	50.9	52.4	52.3	53.3	54.5	54.4
PC	T	Y15-64	TR_31	45.2	43.5	42.7	46.8	50.2	49.6	51.8	51.3	50.9	53.4	53.3	54.3
PC	T	Y15-64	TR_32	49.1	49.7	51.0	52.6	54.8	57.7	57.7	56.5	56.6	56.4	57.8	59.6
PC	T	Y15-64	TR_33	45.5	43.8	45.2	49.4	55.4	57.9	56.9	56.4	56.5	55.9	56.0	56.6
PC	T	Y15-64	TR_41	49.1	48.1	45.3	45.9	48.7	49.5	51.1	50.6	51.1	50.7	52.4	53.6
PC	T	Y15-64	TR_42	43.6	45.5	44.7	46.5	51.0	51.5	53.0	52.9	53.8	52.2	53.1	54.1
PC	T	Y15-64	TR_51	43.4	43.1	42.0	44.1	46.2	47.1	47.8	49.6	50.5	51.1	51.5	51.5
PC	T	Y15-64	TR_52	43.6	49.4	51.1	50.6	49.8	49.8	50.8	50.6	52.2	51.6	52.1	52.5
PC	T	Y15-64	TR_61	56.3	55.7	53.2	55.4	57.2	57.0	56.9	56.5	55.2	55.2	54.4	55.4
PC	T	Y15-64	TR_62	42.6	41.9	42.8	46.9	49.5	47.9	47.0	47.5	49.3	48.6	48.9	48.9
PC	T	Y15-64	TR_63	40.4	40.6	40.5	45.2	46.2	45.9	43.2	40.3	39.2	43.4	46.4	46.5
PC	T	Y15-64	TR_71	42.9	37.9	39.9	45.4	46.6	47.2	49.1	49.0	51.0	50.5	50.1	51.6
PC	T	Y15-64	TR_72	39.5	38.5	39.0	42.1	48.4	50.7	49.4	47.5	48.6	50.1	48.3	46.0
PC	T	Y15-64	TR_81	49.7	54.5	56.7	51.1	56.5	58.0	55.8	53.4	52.5	51.2	51.5	51.2
PC	T	Y15-64	TR_82	51.7	54.0	51.3	57.2	61.6	56.9	51.1	57.1	57.8	62.2	62.5	62.5
PC	T	Y15-64	TR_83	53.5	54.9	55.2	51.2	53.9	50.1	51.8	51.5	52.4	53.5	54.8	58.0
PC	T	Y15-64	TR_90	58.8	61.5	61.3	58.6	57.6	56.7	52.7	54.8	56.5	57.4	58.3	57.5
PC	T	Y15-64	TR_A1	44.0	50.6	51.2	53.1	50.9	49.1	50.6	51.3	51.7	51.4	51.1	48.4
PC	T	Y15-64	TR_A2	49.3	51.0	49.1	48.2	51.2	53.8	57.2	55.9	55.6	51.9	51.3	50.4
PC	T	Y15-64	TR_B1	39.3	38.7	40.2	44.2	45.8	48.4	52.9	46.5	47.2	48.7	52.0	52.0
PC	T	Y15-64	TR_B2	37.5	34.6	36.1	38.0	43.0	43.4	42.9	44.0	44.6	40.6	43.7	40.1
PC	T	Y15-64	TR_C1	35.4	38.7	37.1	41.8	38.8	40.8	44.2	42.7	41.9	41.8	42.7	44.0
PC	T	Y15-64	TR_C2	27.8	28.6	29.3	30.6	31.5	28.3	33.0	36.9	38.1	39.5	43.4	41.2
PC	T	Y15-64	TR_C3	25.2	26.7	28.5	33.8	31.6	29.2	30.7	30.4	30.9	30.1	30.3	32.6
PC	T	Y15-64	UK_C1	68.1	66.4	63.9	66.1	63.6	63.8	64.2	66.6	66.6	69.3	71.2	71.9
PC	T	Y15-64	UK_C2	68.2	67.6	66.4	65.4	65.4	67.9	67.2	70.0	69.2	70.3	71.6	70.2
PC	T	Y15-64	UK_D1	74.3	75.1	73.3	72.9	72.2	73.2	74.3	75.0	76.9	75.1	78.0	79.2
PC	T	Y15-64	UK_D3	68.9	68.0	66.8	66.2	66.2	66.3	65.9	68.6	69.6	70.8	73.0	73.0
PC	T	Y15-64	UK_D4	70.6	70.2	68.5	71.1	69.0	69.3	67.6	69.1	71.9	72.7	75.0	73.5
PC	T	Y15-64	UK_D6	74.9	73.5	73.6	73.3	72.8	73.4	72.6	75.0	74.4	75.6	75.4	76.8
PC	T	Y15-64	UK_D7	64.3	63.5	64.3	63.7	64.3	66.0	66.5	65.3	68.9	69.4	68.4	71.2
PC	T	Y15-64	UK_E1	72.0	71.0	69.1	68.7	68.9	68.3	70.5	71.2	69.8	71.5	72.7	73.1
PC	T	Y15-64	UK_E2	74.1	77.0	73.5	73.0	72.8	75.3	74.8	75.9	78.4	79.7	76.4	76.8
PC	T	Y15-64	UK_E3	66.9	66.1	63.4	65.6	65.2	66.6	68.6	70.6	67.9	68.6	70.5	73.2
PC	T	Y15-64	UK_E4	70.1	69.9	68.8	66.8	65.2	67.0	68.0	69.3	70.3	70.8	71.8	71.6
PC	T	Y15-64	UK_F1	70.1	72.1	70.6	67.8	68.1	69.7	68.9	70.8	72.6	74.6	73.8	73.1
PC	T	Y15-64	UK_F2	74.8	72.9	72.8	71.0	72.3	72.1	71.8	74.2	74.5	73.9	73.4	74.4
PC	T	Y15-64	UK_F3	72.2	73.8	72.0	72.1	73.8	69.2	73.0	73.6	73.0	74.0	75.0	76.0
PC	T	Y15-64	UK_G1	76.0	75.8	75.0	73.2	72.9	76.5	75.9	75.9	77.7	76.3	77.2	78.4
PC	T	Y15-64	UK_G2	72.3	73.6	71.8	70.7	70.3	71.2	71.9	72.5	74.4	77.0	75.8	76.7
PC	T	Y15-64	UK_G3	65.6	63.8	61.5	63.2	62.2	63.1	62.4	64.1	64.3	65.8	66.2	68.6
PC	T	Y15-64	UK_H1	74.7	75.0	74.6	71.6	73.6	74.7	74.1	75.9	76.3	76.5	76.8	77.3
PC	T	Y15-64	UK_H2	73.5	75.0	73.7	74.0	73.0	74.1	75.1	77.0	76.9	77.0	77.1	77.3
PC	T	Y15-64	UK_H3	74.3	72.9	72.4	71.7	73.1	71.6	72.9	72.5	75.6	75.6	75.9	78.3
PC	T	Y15-64	UK_I1	65.1	67.6	65.6									
PC	T	Y15-64	UK_I2	70.1	70.4	68.3									
PC	T	Y15-64	UK_I3				65.5	66.4	69.3	69.1	72.0	70.8	75.5	71.4	71.9
PC	T	Y15-64	UK_I4				65.0	63.7	65.4	68.3	69.8	70.9	70.1	72.5	74.2
PC	T	Y15-64	UK_I5				64.8	66.6	66.9	66.4	69.1	70.6	72.0	72.7	73.9
PC	T	Y15-64	UK_I6				72.1	70.2	70.7	74.3	75.3	75.2	76.6	77.2	77.6
PC	T	Y15-64	UK_I7				69.4	67.9	68.2	69.7	71.6	71.8	72.5	73.6	73.4
PC	T	Y15-64	UK_J1	77.6	78.0	76.0	75.3	75.5	76.4	77.0	77.1	78.0	79.7	80.7	79.3
PC	T	Y15-64	UK_J2	76.1	75.7	74.2	75.1	74.3	74.3	75.3	75.3	75.4	77.1	78.4	76.8
PC	T	Y15-64	UK_J3	75.4	76.7	74.7	73.5	73.2	73.2	74.7	75.4	76.8	77.0	77.7	77.8
PC	T	Y15-64	UK_J4	73.3	73.4	71.8	71.0	70.2	70.5	70.9	72.9	73.8	75.2	75.9	75.1
PC	T	Y15-64	UK_K1	77.6	76.0	75.3	74.5	73.6	74.0	74.0	75.7	77.7	78.3	78.6	79.8
PC	T	Y15-64	UK_K2	75.4	76.2	71.4	73.6	71.9	75.5	76.9	76.4	76.9	74.8	76.1	77.3
PC	T	Y15-64	UK_K3	69.3	70.3	69.7	68.0	68.9	68.0	68.5	72.8	76.0	76.6	75.8	74.2
PC	T	Y15-64	UK_K4	72.5	75.2	72.4	70.7	72.9	72.4	71.0	73.8	75.2	74.6	76.9	77.6
PC	T	Y15-64	UK_L1	67.1	66.2	64.1	63.9	65.3	66.4	68.1	67.6	69.2	71.5	71.3	72.4
PC	T	Y15-64	UK_L2	71.2	72.4	71.4	70.3	70.7	68.8	70.5	70.0	70.9	72.2	73.8	76.7
PC	T	Y15-64	UK_M2	74.2	74.6	71.1	70.2	71.5	70.9						
PC	T	Y15-64	UK_M3	70.7	69.1	68.1	66.1	67.1	67.2						
PC	T	Y15-64	UK_M5	77.4	77.9	78.6	77.6	75.7	77.8	75.5	78.7	78.9	78.3	77.3	77.0
PC	T	Y15-64	UK_M6	78.9	78.2	77.2	72.0	72.7	68.9	77.4	77.6	76.7	76.4	77.6	76.8
PC	T	Y15-64	UK_M7							71.5	73.0	73.6	72.6	74.0	76.1
PC	T	Y15-64	UK_M8							68.4	67.8	70.8	71.2	71.4	71.4
PC	T	Y15-64	UK_M9							70.9	75.3	73.1	71.1	74.2	73.3
PC	T	Y15-64	UK_N0	67.0	66.6	63.9	65.2	66.0	66.0	65.6	66.8	67.0	68.5	67.7	69.1
